CustomerID,response,n_comp,loyalty,nps,n_communications
12346,1,2,1,7,8
12747,0,1,1,3,3
12748,1,0,1,9,6
12749,0,4,1,2,5
12820,0,4,1,2,2
12821,1,2,1,5,7
12822,1,1,1,6,6
12823,0,3,0, ,3
12824,0,3,1,2,3
12826,0,5,1,8,6
12827,0,4,1,0,8
12828,1,4,1,4,2
12829,1,5,1,2,8
12830,0,3,1,7,3
12831,1,2,0,1,3
12832,0,5,0,6,7
12833,1,2,0,3,9
12834,0,4,0,5,3
12836,1,2,1,5,5
12837,1,2,0,7,4
12838,0,4,0,4,6
12839,0,4,0,4,7
12840,1,2,0,8,4
12841,0,2,1,2,2
12842,1,3,1,4,7
12843,1,2,0,7,8
12844,1,4,0, ,6
12845,0,3,1,3,5
12847,1,3,0,7,6
12849,1,3,1,1,6
12851,1,1,1,4,2
12852,0,2,1,5,8
12853,1,3,1,10,4
12854,0,2,0,5,3
12856,0,0,0,3,4
12857,0,1,0,4,2
12863,0,4,0,6,6
12864,1,2,1,10,9
12867,1,0,0,3,4
12868,1,3,0,10,4
12871,1,0,1,2,6
12872,0,4,0,0,3
12873,1,4,1,3,6
12875,0,4,0,2,5
12877,0,0,1,7,5
12878,0,3,0,1,4
12879,0,3,1,7,9
12881,0,5,0,1,2
12882,0,5,1,6,6
12883,1,0,1,7,5
12884,1,2,1,1,8
12885,1,2,1,3,8
12886,1,3,1,7,6
12888,1,4,1,2,7
12890,1,2,1,2,8
12891,1,0,0,2,5
12893,1,1,1,3,9
12895,0,4,1,1,6
12897,0,1,1,5,4
12901,0,2,1,4,4
12902,0,3,1,1,4
12904,0,2,1,1,3
12906,0,0,1,6,7
12908,1,1,1,10,5
12909,0,3,1,4,7
12910,0,4,1,1,5
12912,0,2,0,3,2
12913,1,5,0,6,3
12915,1,2,1,8,3
12916,1,5,0,6,2
12917,0,2,1,8,8
12919,0,1,0,4,5
12920,1,1,1,6,5
12921,0,5,1,8,6
12922,0,2,1,8,9
12923,1,1,1,8,8
12924,1,0,1,7,7
12925,1,2,1,8,8
12928,1,2,0,5,6
12929,0,2,0,3,9
12930,0,2,0,1,6
12931,0,5,0,0,5
12933,1,2,0,1,4
12935,1,1,1,8,7
12936,0,3,1,6,3
12937,1,4,1,3,8
12938,1,2,1,3,6
12939,1,4,1,10,7
12940,1,3,1,10,7
12942,1,5,1,8,6
12943,1,5,0,8,8
12944,0,5,1,3,2
12945,1,3,0,0,3
12947,1,3,0,9,7
12948,0,3,1,2,5
12949,0,3,1,6,2
12950,1,5,0,3,4
12951,0,5,0,5,3
12952,0,0,1,1,8
12953,0,2,0,6,7
12955,0,1,1,8,6
12956,1,1,0,10,2
12957,0,4,1,3,8
12962,0,0,1,6,3
12963,0,5,1,6,7
12965,0,4,1,1,6
12966,0,4,0,8,6
12967,0,1,1,7,6
12968,0,2,0,2,2
12970,0,4,0,5,8
12971,0,5,0,7,6
12974,1,4,1,8,5
12976,1,4,0,5,5
12977,1,3,1,2,5
12980,1,4,0,6,9
12981,0,0,1,3,8
12982,0,1,0,3,4
12984,1,5,1,5,7
12985,0,3,0,5,3
12987,1,1,1,9,4
12988,0,4,0,5,3
12989,0,3,1,3,4
12990,0,4,1,0,7
12991,1,3,1,3,5
12993,0,4,1,7,3
12994,1,3,0,2,6
12995,0,3,1,4,3
12997,0,1,1,7,5
12999,1,4,0,4,4
13000,0,1,1,2,4
13001,0,1,1,5,2
13002,0,3,1,8,5
13003,0,4,0,1,5
13004,0,3,0,4,4
13005,0,1,0,8,5
13006,0,5,1,5,2
13008,1,2,1,7,4
13012,0,0,0,6,9
13013,1,4,1,3,3
13014,1,0,1,9,6
13015,1,4,0,10,5
13016,1,1,0,5,7
13017,0,2,0,5,5
13018,1,2,1,5,5
13021,0,2,1,2,2
13023,0,5,0,5,9
13026,1,2,1,6,6
13027,0,1,0,2,3
13028,0,0,0,5,6
13029,0,4,0,8,8
13030,1,4,1,9,6
13032,1,2,1,7,8
13034,0,0,0,2,2
13035,0,0,0,2,2
13037,0,3,0,2,3
13038,0,1,0,3,4
13040,1,0,0,8,8
13043,1,4,0,8,6
13044,1,4,1,9,5
13045,0,3,0,8,3
13046,0,4,0,2,6
13047,0,0,1,6,7
13048,0,0,0,7,8
13049,1,4,0,5,5
13050,0,3,0,5,5
13052,1,1,1,3,2
13055,0,3,1,5,5
13058,0,3,0,4,8
13059,1,2,0,9,5
13060,0,3,1,1,4
13061,0,3,0,3,3
13062,1,3,1,6,4
13064,0,5,1,1,3
13066,0,4,1,1,5
13067,0,1,1,2,2
13068,1,0,0,6,4
13069,1,3,1,6,6
13070,0,4,1,8,8
13072,1,3,0,8,8
13075,0,2,1,2,6
13077,0,3,1,8,7
13078,1,1,1,0,7
13079,0,1,0,2,6
13080,0,3,1,3,8
13081,1,0,0,4,7
13082,0,1,1,5,8
13083,0,5,0,5,5
13085,0,3,0,0,3
13089,0,4,1,6,3
13090,0,1,0,2,3
13091,0,3,1,0,8
13092,0,4,1,6,4
13093,0,3,0,3,4
13094,0,5,0,2,4
13095,0,4,1,6,3
13097,0,1,0,8,4
13098,0,4,1,7,5
13099,1,2,0,9,2
13101,1,2,1,5,2
13102,1,1,1,0,8
13103,0,3,1,5,5
13104,1,3,1,5,5
13106,1,2,0,8,4
13107,1,3,1,2,8
13109,1,4,1,6,5
13110,1,4,1,1,2
13113,0,4,1,2,7
13115,0,3,0,4,3
13116,1,3,1,3,6
13117,1,4,0,9,3
13118,0,1,0,4,3
13120,1,4,1,9,8
13121,0,3,0,4,5
13122,1,2,0,1,7
13124,1,3,1,6,7
13126,0,1,1,5,8
13127,1,3,1,2,6
13130,1,5,0,3,3
13131,1,3,1,4,6
13132,1,2,0,8,8
13133,0,3,0,6,5
13134,1,4,1,8,4
13135,0,2,1,3,8
13136,0,3,0,3,2
13137,0,3,1,7,4
13138,1,1,1,10,9
13139,1,2,0,8,5
13140,0,5,0,6,2
13141,0,3,1,7,6
13142,0,3,1,7,2
13144,0,4,1,4,4
13145,0,0,0,0,9
13146,0,3,0,6,6
13147,0,2,0,1,7
13148,0,0,0,3,7
13149,0,3,0,4,3
13151,0,1,0,1,5
13153,0,3,0,6,8
13154,0,5,0,6,7
13155,0,5,1,6,3
13157,0,2,0,8,8
13158,0,2,0,3,5
13159,0,2,0,5,3
13160,0,2,0,6,4
13161,0,4,0,5,8
13162,0,2,1,3,5
13165,0,3,1,3,8
13166,0,3,0,4,7
13167,0,0,1,0,9
13168,0,4,1,4,6
13169,0,4,0,5,9
13170,0,1,0,8,6
13171,0,2,1,6,7
13173,0,4,0,2,3
13174,0,4,0,2,9
13176,0,5,1,8,3
13177,1,1,1,7,4
13178,0,3,1,2,4
13182,0,3,0,3,3
13183,1,1,0,1,8
13184,1,4,0,7,7
13185,1,0,1,7,8
13186,0,1,1,0,7
13187,1,1,1,3,9
13188,0,5,1,6,4
13189,1,2,1,9,4
13192,0,5,1,8,6
13193,1,0,1,9,6
13194,0,5,0,8,6
13196,1,2,1,9,7
13198,1,3,1,4,9
13199,0,3,0,5,2
13200,0,3,1,8,8
13203,1,3,1,7,5
13207,1,0,1,6,8
13208,0,3,1,5,3
13209,1,3,1,1,5
13210,1,0,1,2,2
13211,0,0,1,7,4
13212,0,3,1,7,7
13213,1,4,0,10,7
13216,0,1,1,0,9
13217,0,1,1,8,3
13218,1,0,1,9,6
13220,1,2,1,0,4
13221,0,2,1,7,7
13223,1,3,0,9,4
13224,0,4,0,5,3
13225,0,2,1,2,3
13226,0,1,1,6,5
13227,0,3,1,5,3
13228,0,3,0,0,8
13229,1,5,1,6,8
13230,1,1,1,6,9
13232,1,1,1,10,8
13233,1,0,1,4,7
13235,0,2,1,3,5
13236,1,4,1,10,9
13238,0,3,0,2,5
13239,1,4,1,1,6
13240,1,4,0,3,3
13242,1,3,0,8,3
13243,1,3,1,2,5
13244,1,4,1,8,4
13245,1,4,1,8,5
13246,0,3,0,3,3
13247,0,1,0,5,2
13248,0,5,1,5,4
13249,0,0,0,8,7
13253,1,4,0,3,2
13255,0,4,0,8,3
13256,0,0,1,0,3
13258,1,4,0,5,2
13259,1,1,1,2,5
13260,1,0,1,6,5
13261,1,1,1,6,2
13262,1,1,1,4,8
13263,1,2,1,6,6
13265,0,4,1,6,2
13266,0,3,1,0,3
13267,0,5,0,5,8
13268,1,2,0,5,4
13269,0,3,0,2,4
13271,0,3,0,1,5
13272,0,4,0,7,8
13273,0,2,1,6,6
13276,1,4,1,0,3
13277,1,5,1,2,2
13278,1,2,0,0,8
13279,1,0,1,7,6
13280,0,2,0,5,9
13282,0,4,1,1,8
13283,0,2,0,7,2
13284,1,2,0,3,3
13285,0,1,0,2,4
13291,0,5,1,2,9
13292,0,3,1,2,5
13294,1,2,1,3,4
13296,0,1,1,8,9
13297,1,3,0,7,7
13298,0,4,0,0,9
13299,0,4,1,3,3
13300,0,5,1,6,3
13301,0,3,0,6,6
13302,1,0,1,8,3
13305,1,5,1,8,6
13307,1,1,0,1,8
13308,1,2,1,1,3
13309,0,2,1,1,2
13310,1,5,1,3,7
13311,0,1,1,3,4
13313,0,3,1,1,8
13314,0,0,1,3,5
13316,1,3,1,10,6
13317,0,4,0,6,8
13318,0,3,0,7,4
13319,0,0,0,1,5
13320,1,1,0,1,5
13321,0,2,0,3,5
13322,1,2,1,8,5
13323,1,4,1,1,5
13324,0,3,1,6,6
13325,0,1,0,4,3
13327,1,3,1,9,9
13328,0,1,0,2,3
13329,1,4,1,7,8
13330,1,4,1,9,3
13332,1,4,1,1,6
13334,1,2,1,4,5
13336,1,4,1,3,7
13338,1,0,0,10,3
13339,0,1,1,7,4
13340,0,0,0,2,3
13341,1,2,1,1,5
13343,1,0,0,2,7
13344,0,1,0,5,5
13345,1,3,0,1,6
13347,0,2,1,2,8
13348,1,4,0,9,5
13349,0,1,1,0,6
13350,0,4,1,4,7
13351,1,2,1,6,8
13352,1,3,0,7,7
13354,1,5,1,4,6
13355,0,4,1,5,3
13356,0,1,1,4,8
13357,1,2,1,7,9
13358,1,3,1,8,3
13359,0,2,1,8,6
13362,0,3,0,6,3
13363,0,4,1,8,3
13364,0,3,0,2,2
13365,0,3,0,1,3
13366,1,3,1,8,4
13368,0,4,1,2,2
13372,0,4,0,2,2
13373,0,3,0,5,6
13375,1,1,1,8,8
13376,0,2,1,2,4
13379,0,2,0,3,2
13381,1,1,1,1,9
13382,0,2,0,4,5
13384,1,5,1,1,5
13385,1,5,1,5,8
13388,1,1,0,8,5
13389,1,3,1,5,5
13390,1,5,0,5,8
13391,0,0,1,3,8
13394,1,1,1,6,5
13395,1,1,0,0,8
13396,1,4,1,6,5
13397,1,3,1,2,9
13398,1,0,1,6,2
13402,0,2,0,7,6
13403,1,2,0,2,8
13404,1,0,0,6,4
13405,1,2,1,7,9
13408,0,2,0,7,8
13410,1,1,1,4,4
13411,1,5,0,5,6
13414,1,3,1,5,4
13416,1,2,0,5,3
13417,1,3,1,1,2
13418,1,1,0,5,4
13419,0,2,1,4,2
13420,1,3,1,8,8
13421,1,2,0,8,7
13422,0,1,0,2,6
13425,1,1,1,4,4
13426,0,3,0,6,8
13427,1,2,1,10,6
13428,1,0,1,6,5
13429,0,1,0,3,8
13430,1,1,1,0,7
13431,1,4,0,3,3
13434,1,4,1,3,5
13435,1,4,0,3,3
13436,0,2,1,3,3
13437,0,2,1,0,9
13439,1,1,0,4,5
13441,1,4,0,3,7
13447,1,1,1,8,4
13448,0,3,1,4,3
13449,1,1,1,1,4
13450,1,2,0,0,5
13451,0,4,0,2,5
13452,1,0,1,5,2
13453,0,4,1,4,3
13455,0,4,1,7,8
13456,0,2,1,3,5
13458,0,3,0,8,7
13460,0,2,0,3,7
13461,0,4,0,2,7
13462,0,5,1,5,5
13464,0,1,0,2,8
13466,0,5,0,5,3
13467,0,2,1,6,5
13468,0,1,1,3,6
13470,0,3,0,4,7
13471,0,1,0,2,7
13473,0,4,1,3,9
13474,0,1,0,3,6
13475,0,5,1,4,3
13476,0,0,1,6,6
13477,0,4,1,2,6
13479,0,5,1,4,3
13481,0,4,0,4,3
13482,0,4,0,7,7
13483,0,2,0,4,7
13484,0,0,0,3,8
13485,0,2,1,2,4
13486,0,4,0,7,8
13487,0,4,1,6,8
13488,0,3,0,2,4
13489,0,1,0,5,2
13491,0,2,0,8,8
13494,0,5,1,4,4
13495,0,4,0,6,6
13496,0,3,1,0,5
13497,0,4,0,6,3
13499,0,1,0,8,4
13500,0,3,1,5,6
13502,0,1,0,5,5
13503,0,1,1,0,6
13504,0,2,1,2,3
13506,0,4,0,3,4
13507,0,2,0,4,2
13508,0,5,1,1,7
13509,0,2,0,8,4
13510,0,2,1,6,2
13512,0,5,1,1,6
13513,0,4,0,2,6
13514,0,0,0,7,3
13515,0,4,1,6,7
13516,0,3,1,0,5
13517,0,2,1,1,6
13518,0,0,0,7,3
13519,0,4,0,5,8
13521,0,1,1,1,3
13522,0,3,0,5,3
13523,0,2,0,2,2
13524,0,5,1,2,5
13525,0,2,1,5,8
13527,0,1,1,3,4
13529,0,2,0,1,4
13531,0,3,0,8,5
13532,0,0,0,4,5
13533,0,1,1,7,8
13534,0,4,1,2,3
13536,1,0,1,7,8
13538,0,4,1,8,8
13539,1,5,0,6,9
13544,0,4,0,1,3
13546,1,4,1,5,7
13548,0,1,0,8,8
13549,1,2,0,3,9
13551,0,3,1,1,8
13552,0,3,0,3,2
13555,1,3,1,2,8
13557,0,4,1,0,7
13558,0,2,1,1,7
13560,0,2,1,0,6
13561,1,5,0,5,5
13562,1,3,1,4,9
13563,0,1,0,8,8
13564,1,4,0,0,8
13565,0,2,0,4,6
13566,0,2,0,6,9
13568,1,2,1,9,5
13569,0,3,0,1,2
13570,0,3,0,2,2
13571,1,0,0,0,9
13572,1,2,0,4,7
13573,0,2,1,0,6
13575,0,3,1,3,6
13576,0,4,1,8,9
13577,1,5,1,6,6
13579,1,2,1,7,5
13581,0,2,0,5,4
13583,0,3,1,2,2
13584,0,2,0,7,8
13587,0,1,0,3,2
13588,0,5,1,3,4
13589,0,2,0,1,7
13590,1,3,1,9,5
13591,0,3,1,6,4
13592,1,3,1,9,5
13593,0,1,0,2,9
13594,0,0,1,6,2
13596,1,1,1,1,5
13598,0,2,1,2,5
13599,1,1,1,5,6
13600,0,4,0,5,8
13601,0,5,0,1,9
13602,1,1,0,4,4
13603,1,0,0,5,6
13606,1,4,1,10,6
13607,1,2,1,1,4
13610,1,1,1,4,3
13611,1,3,0,8,5
13614,1,5,0,3,3
13615,1,2,0,4,3
13617,1,4,1,2,5
13618,1,2,1,4,4
13621,1,3,0,6,4
13623,0,5,0,1,8
13626,0,3,0,3,2
13627,1,5,1,7,8
13629,1,3,1,8,4
13630,1,3,0,3,7
13631,0,4,1,2,5
13632,1,4,0,0,6
13634,1,2,1,1,6
13635,0,3,1,2,5
13636,1,5,1,3,7
13637,0,1,0,7,8
13638,1,0,1,1,7
13639,1,2,0,9,6
13642,0,2,0,6,6
13643,0,3,0,4,4
13644,0,5,0,7,6
13645,0,2,1,8,8
13647,0,2,1,5,3
13649,0,2,0,3,4
13650,0,0,1,4,5
13651,0,2,0,7,7
13652,0,5,0,1,5
13654,1,3,1,7,7
13655,0,0,0,3,5
13656,1,4,1,7,5
13657,1,2,0,8,7
13658,0,0,0,5,7
13659,1,2,1,6,5
13662,0,2,1,4,4
13663,1,3,0,5,7
13666,0,0,1,2,4
13667,1,4,1,3,9
13668,0,3,0,1,3
13669,1,4,1,3,6
13670,1,4,1,5,4
13672,0,5,1,5,4
13673,0,1,1,6,8
13675,0,5,1,3,3
13678,0,0,0,2,4
13680,1,2,1,10,8
13681,0,4,1,6,3
13682,0,3,0,3,4
13684,0,4,0,3,3
13685,0,4,1,6,2
13686,1,1,0,1,6
13689,0,0,0,7,6
13690,0,0,0,2,4
13692,1,3,1,8,6
13693,1,1,1,3,6
13694,0,3,0,1,2
13695,0,2,1,3,6
13697,1,2,1,10,4
13699,0,3,1,5,2
13700,1,2,0,6,7
13703,0,2,0,8,5
13704,1,4,1,3,7
13705,0,4,1,0,7
13706,0,1,1,6,4
13707,0,4,0,3,5
13708,1,3,1,3,3
13709,0,0,0,2,5
13710,0,2,1,7,5
13711,0,1,1,5,5
13712,1,3,1,5,5
13715,0,1,0,0,6
13716,1,3,1,7,7
13717,0,4,1,6,5
13718,0,2,1,3,7
13719,0,3,0,6,8
13720,0,4,0,4,7
13721,0,0,1,8,6
13722,1,4,1,9,8
13723,0,3,1,3,2
13725,0,0,1,2,3
13726,1,0,1,3,3
13727,0,4,1,4,3
13728,0,3,1,3,5
13730,1,1,0,7,5
13731,0,5,1,2,3
13732,0,5,0,7,6
13735,1,4,1,1,6
13736,0,0,1,3,3
13737,0,3,1,4,5
13739,0,2,0,7,9
13740,0,2,0,1,6
13741,0,3,1,3,2
13742,0,2,0,1,3
13743,0,0,0,2,2
13744,0,4,0,4,3
13745,0,0,0,2,3
13748,0,0,1,2,4
13750,0,4,0,5,8
13751,0,3,1,5,6
13752,1,1,1,7,5
13753,1,2,0,5,7
13754,1,3,1,5,2
13755,1,4,1,10,8
13756,0,1,0,3,2
13758,1,5,1,4,8
13759,0,5,0,0,5
13760,0,0,0,3,9
13761,1,0,1,8,4
13762,0,1,1,5,2
13763,0,1,1,1,5
13764,1,1,0,3,2
13767,1,1,0,5,3
13769,0,3,1,4,7
13771,0,1,0,4,8
13772,0,4,1,3,3
13774,1,3,1,0,6
13777,1,3,1,9,5
13778,0,3,1,2,9
13780,0,4,1,5,2
13781,1,5,0,4,3
13782,1,5,0,0,3
13784,0,4,0,3,5
13787,1,0,1,10,6
13790,0,3,0,7,3
13791,1,2,1,4,9
13792,1,3,1,8,4
13798,0,1,1,6,3
13799,0,2,1,7,4
13800,0,2,1,1,4
13801,0,3,1,2,3
13802,1,5,1,1,5
13803,1,1,1,2,5
13804,1,1,1,2,5
13805,1,3,0,7,6
13806,0,3,1,5,2
13808,1,1,1,7,8
13819,1,3,1,1,3
13821,0,3,0,6,3
13822,0,3,1,5,6
13823,0,1,1,2,2
13824,1,2,0,1,9
13826,0,5,1,6,5
13827,1,1,1,2,3
13828,1,3,1,1,6
13831,1,1,1,1,4
13832,0,3,1,1,7
13833,0,1,0,3,4
13835,0,3,0,1,2
13837,1,1,1,4,8
13838,0,1,0,5,8
13841,0,3,1,2,5
13842,1,2,1,0,5
13844,0,4,1,3,4
13845,0,1,1,0,9
13846,1,5,1,4,5
13848,0,3,1,1,4
13849,0,5,0,0,8
13850,1,4,1,8,8
13851,1,4,1,5,7
13853,0,1,1,0,9
13854,1,4,1,3,8
13856,0,4,1,2,4
13858,1,1,1,6,8
13859,0,2,0,3,8
13860,1,4,1,3,2
13862,0,1,0,6,8
13863,0,0,0,3,3
13865,0,1,0,6,2
13866,1,3,0,1,3
13867,1,3,1,7,3
13868,1,4,0,9,5
13869,1,2,1,9,8
13870,0,0,0,0,5
13871,0,5,1,3,2
13873,0,2,1,3,9
13875,0,2,0,4,8
13876,0,2,0,2,4
13877,0,5,0,7,4
13878,0,1,1,0,7
13880,0,3,1,7,3
13881,1,2,1,6,4
13882,1,3,1,1,6
13883,0,2,1,7,4
13884,1,4,1,9,7
13885,1,2,1,2,9
13886,1,3,0,9,2
13887,1,4,1,2,6
13888,1,4,1,9,7
13889,1,2,1,4,6
13890,1,3,0,7,3
13892,1,1,0,9,8
13893,0,2,1,8,3
13894,0,3,0,0,3
13895,1,4,1,7,3
13897,1,2,1,2,8
13898,0,3,0,5,8
13899,0,3,1,6,8
13900,1,1,1,6,4
13901,0,5,0,2,3
13904,0,1,1,4,5
13908,1,4,1,7,3
13911,1,1,1,8,4
13914,1,1,1,3,6
13917,0,3,1,7,6
13918,0,2,1,8,7
13923,0,2,1,2,5
13924,1,1,0,7,2
13925,0,1,0,2,9
13926,0,2,0,3,3
13927,0,1,1,1,3
13928,1,0,1,9,6
13929,1,4,0,3,4
13930,0,3,0,4,4
13931,0,5,1,0,4
13932,0,2,0,6,8
13933,1,4,1,7,4
13934,1,3,1,1,6
13936,1,3,0,6,6
13937,1,5,0,3,7
13938,1,4,0,6,3
13939,1,0,1,5,6
13940,0,3,1,3,3
13941,0,2,0,2,4
13946,0,4,0,8,7
13947,1,2,0,6,5
13949,1,4,1,2,7
13950,0,3,1,2,3
13951,0,3,0,6,8
13952,1,3,0, ,5
13953,1,3,0,6,7
13954,0,4,1,8,5
13955,0,4,1,1,9
13956,0,0,1,3,6
13959,1,2,1,4,6
13960,1,1,1,0,8
13962,0,0,1,3,6
13963,0,4,0,5,3
13967,0,5,0,4,7
13969,1,2,1,9,9
13971,0,3,0,3,4
13972,0,3,0,3,3
13973,1,4,1,9,3
13974,1,2,1,9,8
13975,1,1,0,2,8
13976,0,1,1,3,5
13978,0,4,1,0,4
13979,0,5,0,8,3
13980,0,1,0,8,3
13982,0,2,0,2,6
13983,0,1,1,1,6
13984,1,5,1,5,2
13985,1,2,1,8,5
13986,0,2,0,2,5
13988,1,1,1,2,8
13989,1,2,1,3,9
13990,0,3,0,4,4
13991,1,5,0,6,4
13992,1,4,1,6,8
13993,0,1,1,3,8
13994,0,2,1,7,6
13995,1,2,0,6,5
13999,0,1,0,3,5
14000,0,2,1,6,4
14001,1,2,0,5,8
14002,1,0,0,4,3
14004,0,1,0,4,9
14005,0,2,0,3,5
14006,1,0,1,1,7
14009,0,5,0,2,8
14012,0,2,1,7,2
14013,1,4,0,9,2
14014,0,0,0,2,5
14015,0,3,1,8,5
14019,0,2,0,2,3
14020,1,4,1,9,9
14021,0,0,1,2,7
14022,1,3,1,6,8
14023,1,2,1,2,3
14024,1,0,1,9,3
14027,1,0,0,1,4
14029,1,4,0,7,2
14030,0,1,1,2,6
14031,0,0,1,5,3
14032,0,3,0,6,7
14034,1,2,1,0,5
14035,1,3,1,10,8
14036,0,1,1,5,3
14037,0,2,1,3,5
14038,0,5,1,2,7
14039,0,1,1,8,2
14040,1,5,0,1,2
14041,0,0,1,1,4
14044,1,2,1,9,7
14045,1,2,1,3,3
14046,1,2,0,9,6
14047,0,4,0,3,9
14048,1,4,1,1,2
14049,1,2,1,7,3
14050,1,2,1,5,2
14051,1,4,0,6,9
14052,0,1,1,6,7
14053,0,1,0,1,3
14054,0,4,0,3,4
14055,0,1,1,2,4
14056,0,5,1,2,4
14057,1,0,0,8,7
14059,1,4,1,6,3
14060,0,5,1,3,4
14062,0,2,1,2,3
14064,0,3,0,0,7
14066,0,4,1,3,8
14067,0,0,0,6,3
14068,0,3,1,8,5
14071,0,4,0,1,2
14073,0,0,0,1,4
14075,0,4,0,7,9
14076,0,5,0,5,5
14077,0,2,1,7,2
14078,0,5,0,2,2
14079,0,5,0,5,6
14080,0,3,0,3,6
14081,0,1,0,2,3
14083,0,5,0,7,4
14085,0,4,0,8,4
14087,0,0,0,1,2
14088,0,3,0,2,9
14089,0,2,1,7,4
14090,0,2,0,2,7
14092,0,2,1,6,2
14093,0,1,0,4,8
14096,0,0,0,7,9
14098,0,0,0,0,9
14099,0,1,1,2,7
14100,0,2,0,2,4
14101,0,2,1,2,3
14102,0,1,0,1,4
14104,0,3,0,2,4
14105,0,4,0,2,3
14107,0,2,1,4,6
14108,0,3,1,1,7
14109,0,3,0,5,5
14110,0,3,0,2,3
14111,0,4,1,2,6
14112,0,1,0,1,7
14113,0,1,0,7,5
14114,0,2,1,8,3
14116,0,0,1,5,4
14117,0,5,0,2,9
14121,0,4,0,6,8
14124,0,5,1,1,3
14125,0,2,1,0,6
14126,0,3,1,6,8
14127,0,4,1,7,3
14128,0,2,1,4,6
14129,1,3,1,10,8
14130,1,4,1,8,2
14132,1,2,1,5,8
14133,1,4,0,6,6
14135,1,5,0,3,5
14138,0,1,1,2,7
14139,1,0,1,2,4
14140,0,3,1,6,5
14141,0,2,1,2,5
14143,1,4,1,8,3
14145,0,1,0,1,6
14146,0,1,1,0,2
14147,1,4,1,9,3
14148,1,1,0,5,8
14149,1,4,1,1,4
14150,0,1,0,0,8
14152,1,0,1,5,4
14154,0,0,1,1,6
14155,0,5,1,2,4
14157,1,3,1,3,3
14158,1,0,1,1,4
14159,0,1,1,3,7
14161,0,4,0,8,6
14162,0,5,1,3,8
14163,1,1,0,8,4
14164,0,5,1,3,2
14165,0,0,0,3,4
14167,1,1,1,1,8
14171,0,1,0,3,2
14173,1,5,0,7,7
14174,1,2,1,2,4
14175,0,2,1,3,3
14176,1,2,1,8,6
14177,0,1,1,2,5
14178,1,2,1,9,7
14179,1,5,0,8,4
14180,1,4,1,3,6
14184,0,3,1,6,4
14185,1,0,1,6,9
14188,0,2,0,2,4
14189,1,4,1,10,6
14191,1,4,1,6,7
14193,0,1,1,4,9
14194,0,2,1,3,5
14195,0,1,1,5,7
14196,0,2,0,8,6
14198,0,4,1,7,8
14199,0,1,0,7,5
14201,0,3,0,5,2
14204,0,4,1,1,6
14205,1,4,0,1,4
14206,1,1,0,10,6
14208,0,2,0,0,6
14209,0,4,1,8,6
14210,1,2,1,2,3
14211,1,1,1,6,8
14212,0,1,0,2,2
14214,1,5,0,3,7
14215,1,2,1,2,9
14216,1,1,0,6,6
14217,1,2,1,6,9
14218,1,4,1,5,5
14219,1,3,1,7,7
14220,0,5,0,3,5
14221,1,3,1,3,6
14222,0,3,0,7,5
14223,0,5,0,5,5
14224,0,4,0,3,8
14226,0,3,1,3,4
14227,0,2,0,3,7
14229,1,2,1,1,8
14231,1,1,1,1,8
14232,1,3,1,8,6
14233,0,2,0,7,5
14234,0,3,1,3,3
14235,1,1,0,0,3
14236,1,1,1,4,4
14238,1,5,1,7,8
14239,1,1,1,8,6
14240,0,3,0,4,3
14241,0,4,1,5,3
14242,1,2,0,3,7
14243,0,4,0,2,3
14245,0,4,0,1,7
14246,1,1,1,5,8
14247,1,1,0,8,4
14248,1,1,1,9,6
14250,1,1,1,6,2
14251,0,1,1,5,7
14256,1,3,1,8,7
14257,0,5,0,8,7
14258,0,3,0,4,6
14259,1,0,1,6,7
14261,1,1,1,5,4
14262,1,3,1,1,4
14264,1,3,1,3,4
14267,1,1,1,0,7
14270,0,2,1,4,6
14271,0,5,0,2,3
14272,0,2,1,0,7
14273,1,1,1,3,6
14276,0,0,0,1,5
14280,0,0,0,6,8
14282,1,2,1,3,3
14284,1,4,1,1,6
14285,1,1,1,6,9
14286,1,1,1,8,5
14287,1,4,1,6,4
14288,1,3,0,9,7
14289,1,3,1,1,9
14290,0,2,0,1,5
14291,0,0,0,1,8
14292,0,0,0,6,4
14293,0,2,0,7,7
14295,1,0,0,7,4
14297,0,1,1,5,8
14298,0,1,1,1,5
14299,0,4,0,7,4
14300,0,3,1,7,7
14301,1,4,1,5,5
14304,0,1,0,2,3
14305,1,1,1,1,4
14306,0,2,0,5,4
14307,1,2,1,8,3
14309,0,3,0,4,2
14311,1,4,1,1,3
14312,0,3,1,1,6
14314,0,1,0,8,7
14315,0,3,1,4,8
14317,0,2,1,2,2
14320,1,4,1,7,2
14321,0,1,0,4,4
14323,1,2,1,7,8
14326,1,0,1,4,6
14327,0,1,1,4,2
14329,1,4,1,8,9
14331,0,3,1,7,6
14332,1,3,1,9,4
14333,0,5,1,4,6
14334,1,0,1,3,7
14336,1,3,0,2,6
14338,0,1,0,2,4
14339,0,4,1,4,2
14340,1,1,1,2,6
14341,1,4,1,6,2
14342,1,2,1,7,5
14344,0,4,0,0,8
14345,0,1,0,3,8
14346,0,2,1,7,4
14348,0,2,1,3,3
14349,0,0,1,4,8
14350,1,2,0,1,8
14351,0,4,0,7,7
14352,0,5,1,7,6
14353,1,3,1,6,7
14354,0,4,1,6,7
14356,0,5,1,1,7
14357,0,4,0,1,4
14359,0,1,0,5,7
14360,1,1,1,9,7
14362,0,3,1,4,8
14364,1,3,1,1,5
14367,0,4,0,3,4
14368,1,4,1,4,5
14371,1,2,1,8,7
14375,1,3,1,9,5
14377,1,2,0,2,4
14379,1,1,1,9,7
14381,0,2,1,4,6
14382,0,0,1,0,8
14383,0,2,0,3,2
14385,1,2,1,1,4
14386,0,2,1,4,8
14387,0,4,1,2,9
14388,1,2,0,9,7
14389,0,3,1,4,5
14390,1,4,1,4,4
14393,0,3,0,1,3
14395,0,5,0,1,5
14396,0,4,0,7,5
14397,0,4,0,6,3
14400,0,4,1,4,9
14401,0,5,1,6,8
14403,1,3,1,2,6
14404,0,0,0,2,7
14406,0,3,0,8,5
14407,1,4,1,4,6
14408,0,5,0,7,5
14409,0,5,1,8,8
14410,1,3,1,7,6
14411,1,2,1,4,2
14412,0,1,1,8,5
14414,0,4,1,6,5
14415,0,1,1,1,6
14416,1,4,1,0,7
14418,0,1,1,7,4
14419,1,5,1,0,7
14420,0,5,0,2,6
14421,1,2,1,2,7
14422,1,1,1,7,4
14423,0,1,0,6,8
14424,0,1,1,8,3
14426,0,2,0,4,7
14427,0,4,0,3,4
14428,1,3,1,9,9
14431,0,4,1,1,6
14432,0,3,1,5,3
14434,0,3,1,6,6
14436,1,4,0,2,9
14437,0,4,0,3,5
14438,0,4,1,7,7
14440,0,4,1,1,5
14441,1,1,1,1,5
14443,1,5,1,6,8
14446,0,3,0,7,6
14447,0,2,1,5,4
14448,0,5,0,6,8
14449,1,2,0,9,8
14450,1,1,0,10,5
14451,0,4,0,4,3
14452,1,4,1,4,6
14453,0,0,0,1,3
14456,1,2,0,4,7
14457,0,0,1,4,8
14459,1,1,1,8,4
14460,0,3,1,0,9
14461,0,2,0,2,5
14462,0,3,1,8,9
14463,1,0,0,2,6
14465,1,2,1,4,7
14466,1,1,1,1,9
14467,0,3,0,0,4
14470,1,1,1,0,7
14472,1,2,1,10,7
14473,1,1,1,8,9
14474,0,2,1,4,2
14475,1,4,0,0,4
14476,0,0,1,8,7
14477,0,3,1,6,5
14479,1,2,0,5,5
14480,1,2,0,6,8
14481,0,2,1,7,6
14482,0,3,1,8,8
14483,0,5,0,7,8
14484,1,5,0,0,6
14485,0,2,0,5,5
14487,0,1,0,4,5
14488,0,3,0,3,4
14489,1,4,1,9,6
14491,0,3,0,2,6
14493,0,4,1,7,2
14494,1,4,0,8,7
14495,0,1,0,8,6
14496,1,1,1,7,5
14497,0,2,0,3,8
14498,1,1,1,3,5
14499,0,0,0,4,4
14500,1,1,0,7,5
14501,0,3,0,6,5
14502,0,1,0,7,9
14503,0,4,0,2,3
14504,0,3,0,3,2
14505,0,2,0,7,6
14506,0,4,1,5,8
14507,0,2,1,4,4
14508,0,4,1,4,3
14511,0,3,0,8,3
14512,0,3,0,3,2
14513,0,3,1,2,4
14514,0,5,0,5,7
14515,0,3,0,2,4
14517,0,3,1,2,4
14518,0,4,0,2,2
14520,0,2,0,3,8
14522,0,4,1,4,8
14523,0,5,0,5,4
14524,0,3,0,4,4
14525,0,4,1,4,7
14527,0,2,1,2,6
14528,0,2,1,2,3
14529,0,0,0,2,5
14530,0,4,1,3,5
14532,0,0,1,3,6
14533,0,2,0,4,5
14534,0,4,1,7,9
14535,0,3,0,5,2
14536,0,2,0,7,8
14537,0,3,0,4,3
14538,0,4,1,2,3
14539,0,5,0,4,4
14540,0,1,1,3,7
14541,0,4,0,2,6
14542,0,4,1,5,4
14543,0,3,1,2,3
14544,0,5,1,4,6
14546,0,2,1,6,5
14547,0,1,1,2,7
14548,0,5,0,2,8
14549,0,3,0,5,4
14550,0,2,0,3,3
14551,1,2,1,8,4
14552,0,2,1,8,8
14553,1,3,1,8,6
14554,0,4,1,4,4
14555,1,3,1,2,5
14557,1,5,0,6,4
14560,0,5,0,6,2
14561,0,1,1,5,7
14562,0,4,1,2,4
14565,1,3,1,1,5
14567,0,2,0,6,4
14569,0,3,1,1,3
14570,0,2,1,0,4
14572,0,5,1,6,8
14573,1,4,0,5,4
14577,1,2,1,7,8
14578,0,1,1,3,3
14581,1,0,1,9,6
14582,0,4,1,2,5
14583,0,4,1,2,2
14584,1,2,1,5,7
14585,1,1,1,6,6
14586,0,3,0,8,3
14587,0,3,1,2,3
14591,0,5,1,8,6
14592,0,4,1,0,8
14593,1,4,1,4,2
14594,1,5,1,2,8
14595,0,3,1,7,3
14597,1,2,0,1,3
14598,0,5,0,6,7
14600,1,2,0,3,9
14601,0,4,0,5,3
14603,1,2,1,5,5
14606,1,2,0,7,4
14607,0,4,0,4,6
14608,0,4,0,4,7
14609,1,2,0,8,4
14616,0,2,1,2,2
14618,1,3,1,4,7
14619,1,2,0,7,8
14620,1,4,0,2,6
14621,0,3,1,3,5
14622,1,3,0,7,6
14623,1,3,1,1,6
14624,1,1,1,4,2
14625,0,2,1,5,8
14626,1,3,1,10,4
14627,0,2,0,5,3
14628,0,0,0,3,4
14629,0,1,0,4,2
14631,0,4,0,6,6
14632,1,2,1,10,9
14633,1,0,0,3,4
14636,1,3,0,10,4
14638,1,0,1,2,6
14639,0,4,0,0,3
14640,1,4,1,3,6
14641,0,4,0,2,5
14642,0,0,1,7,5
14643,0,3,0,1,4
14644,0,3,1,7,9
14645,0,5,0,1,2
14647,0,5,1,6,6
14649,1,0,1,7,5
14651,1,2,1,1,8
14652,1,2,1,3,8
14653,1,3,1,7,6
14655,1,4,1,2,7
14656,1,2,1,2,8
14657,1,0,0,2,5
14658,1,1,1,3,9
14659,0,4,1,1,6
14660,0,1,1,5,4
14661,0,2,1,4,4
14662,0,3,1,1,4
14664,0,2,1,1,3
14665,0,0,1,6,7
14666,1,1,1,10,5
14667,0,3,1,4,7
14669,0,4,1,1,5
14670,0,2,0,3,2
14672,1,5,0,6,3
14673,1,2,1,8,3
14675,1,5,0,6,2
14676,0,2,1,8,8
14680,0,1,0,4,5
14681,1,1,1,6,5
14682,0,5,1,8,6
14684,0,2,1,8,9
14687,1,1,1,8,8
14688,1,0,1,7,7
14689,1,2,1,8,8
14690,1,2,0,5,6
14691,0,2,0,3,9
14692,0,2,0,1,6
14693,0,5,0,0,5
14696,1,2,0,1,4
14697,1,1,1,8,7
14698,0,3,1,6,3
14699,1,4,1,3,8
14700,1,2,1,3,6
14701,1,4,1,10,7
14702,1,3,1,10,7
14703,1,5,1,8,6
14704,1,5,0,8,8
14705,0,5,1,3,2
14708,1,3,0,0,3
14709,1,3,0,9,7
14710,0,3,1,2,5
14711,0,3,1,6,2
14712,1,5,0,3,4
14713,0,5,0,5,3
14714,0,0,1,1,8
14715,0,2,0,6,7
14716,0,1,1,8,6
14719,1,1,0,10,2
14720,0,4,1,3,8
14722,0,0,1,6,3
14723,0,5,1,6,7
14725,0,4,1,1,6
14727,0,4,0,8,6
14730,0,1,1,7,6
14731,0,2,0,2,2
14732,0,4,0,5,8
14733,0,5,0,7,6
14735,1,4,1,8,5
14737,1,4,0,5,5
14738,1,3,1,2,5
14739,1,4,0,6,9
14740,0,0,1,3,8
14741,0,1,0,3,4
14744,1,5,1,5,7
14745,0,3,0,5,3
14747,1,1,1,9,4
14748,0,4,0,5,3
14752,0,3,1,3,4
14753,0,4,1,0,7
14754,1,3,1,3,5
14755,0,4,1,7,3
14756,1,3,0,2,6
14757,0,3,1,4,3
14758,0,1,1,7,5
14759,1,4,0,4,4
14760,0,1,1,2,4
14761,0,1,1,5,2
14762,0,3,1,8,5
14764,0,4,0,1,5
14765,0,3,0,4,4
14766,0,1,0,8,5
14768,0,5,1,5,2
14769,1,2,1,7,4
14770,0,0,0,6,9
14772,1,4,1,3,3
14775,1,0,1,9,6
14776,1,4,0,10,5
14777,1,1,0,5,7
14778,0,2,0,5,5
14779,1,2,1,5,5
14780,0,2,1,2,2
14782,0,5,0,5,9
14784,1,2,1,6,6
14785,0,1,0,2,3
14788,0,0,0,5,6
14789,0,4,0,8,8
14790,1,4,1,9,6
14792,1,2,1,7,8
14793,0,0,0,2,2
14794,0,0,0,2,2
14795,0,3,0,2,3
14796,0,1,0,3,4
14798,1,0,0,8,8
14799,1,4,0,8,6
14800,1,4,1,9,5
14801,0,3,0,8,3
14803,0,4,0,2,6
14804,0,0,1,6,7
14805,0,0,0,7,8
14806,1,4,0,5,5
14808,0,3,0,5,5
14810,1,1,1,3,2
14815,0,3,1,5,5
14816,0,3,0,4,8
14817,1,2,0,9,5
14818,0,3,1,1,4
14819,0,3,0,3,3
14820,1,3,1,6,4
14823,0,5,1,1,3
14824,0,4,1,1,5
14825,0,1,1,2,2
14828,1,0,0,6,4
14829,1,3,1,6,6
14830,0,4,1,8,8
14834,1,3,0,8,8
14836,0,2,1,2,6
14837,0,3,1,8,7
14840,1,1,1,0,7
14841,0,1,0,2,6
14842,0,3,1,3,8
14844,1,0,0,4,7
14847,0,1,1,5,8
14849,0,5,0,5,5
14850,0,3,0,0,3
14851,0,4,1,6,3
14852,0,1,0,2,3
14853,0,3,1,0,8
14854,0,4,1,6,4
14855,0,3,0,3,4
14856,0,5,0,2,4
14857,0,4,1,6,3
14859,0,1,0,8,4
14860,0,4,1,7,5
14861,1,2,0,9,2
14862,1,2,1,5,2
14863,1,1,1,0,8
14865,0,3,1,5,5
14866,1,3,1,5,5
14867,1,2,0,8,4
14868,1,3,1,2,8
14869,1,4,1,6,5
14870,1,4,1,1,2
14871,0,4,1,2,7
14873,0,3,0,4,3
14875,1,3,1,3,6
14878,1,4,0,9,3
14880,0,1,0,4,3
14881,1,4,1,9,8
14882,0,3,0,4,5
14883,1,2,0,1,7
14885,1,3,1,6,7
14886,0,1,1,5,8
14887,1,3,1,2,6
14888,1,5,0,3,3
14889,1,3,1,4,6
14890,1,2,0,8,8
14891,0,3,0,6,5
14893,1,4,1,8,4
14894,0,2,1,3,8
14895,0,3,0,3,2
14896,0,3,1,7,4
14897,1,1,1,10,9
14898,1,2,0,8,5
14901,0,5,0,6,2
14902,0,3,1,7,6
14903,0,3,1,7,2
14904,0,4,1,4,4
14905,0,0,0,0,9
14907,0,3,0,6,6
14908,0,2,0,1,7
14910,0,0,0,3,7
14913,0,3,0,4,3
14915,0,1,0,1,5
14916,0,3,0,6,8
14918,0,5,0,6,7
14920,0,5,1,6,3
14921,0,2,0,8,8
14923,0,2,0,3,5
14924,0,2,0,5,3
14929,0,2,0,6,4
14944,0,4,0,5,8
14946,0,2,1,3,5
14947,0,3,1,3,8
14948,0,3,0,4,7
14950,0,0,1,0,9
14951,0,4,1,4,6
14952,0,4,0,5,9
14953,0,1,0,8,6
14954,0,2,1,6,7
14957,0,4,0,2,3
14958,0,4,0,2,9
14959,0,5,1,8,3
14960,1,1,1,7,4
14961,0,3,1,2,4
14962,0,3,0,3,3
14963,1,1,0,1,8
14964,1,4,0,7,7
14965,1,0,1,7,8
14966,0,1,1,0,7
14967,1,1,1,3,9
14968,0,5,1,6,4
14970,1,2,1,9,4
14971,0,5,1,8,6
14972,1,2,1,7,8
14973,0,1,1,3,3
14974,1,0,1,9,6
14975,0,4,1,2,5
14976,0,4,1,2,2
14978,1,2,1,5,7
14981,1,1,1,6,6
14984,0,3,0,8,3
14985,0,3,1,2,3
14987,0,5,1,8,6
14988,0,4,1,0,8
14995,1,4,1,4,2
14997,1,5,1,2,8
14998,0,3,1,7,3
15000,1,2,0,1,3
15002,0,5,0,6,7
15004,1,2,0,3,9
15005,0,4,0,5,3
15006,1,2,1,5,5
15007,1,2,0,7,4
15009,0,4,0,4,6
15010,0,4,0,4,7
15012,1,2,0,8,4
15014,0,2,1,2,2
15016,1,3,1,4,7
15017,1,2,0,7,8
15018,1,4,0,2,6
15019,0,3,1,3,5
15021,1,3,0,7,6
15022,1,3,1,1,6
15023,1,1,1,4,2
15024,0,2,1,5,8
15025,1,3,1,10,4
15026,0,2,0,5,3
15027,0,0,0,3,4
15028,0,1,0,4,2
15030,0,4,0,6,6
15031,1,2,1,10,9
15032,1,0,0,3,4
15033,1,3,0,10,4
15034,1,0,1,2,6
15035,0,4,0,0,3
15036,1,4,1,3,6
15038,0,4,0,2,5
15039,0,0,1,7,5
15041,0,3,0,1,4
15042,0,3,1,7,9
15043,0,5,0,1,2
15044,0,5,1,6,6
15045,1,0,1,7,5
15046,1,2,1,1,8
15047,1,2,1,3,8
15048,1,3,1,7,6
15049,1,4,1,2,7
15050,1,2,1,2,8
15051,1,0,0,2,5
15052,1,1,1,3,9
15053,0,4,1,1,6
15054,0,1,1,5,4
15057,0,2,1,4,4
15058,0,3,1,1,4
15059,0,2,1,1,3
15060,0,0,1,6,7
15061,1,1,1,10,5
15062,0,3,1,4,7
15063,0,4,1,1,5
15065,0,2,0,3,2
15066,1,5,0,6,3
15067,1,2,1,8,3
15068,1,5,0,6,2
15069,0,2,1,8,8
15071,0,1,0,4,5
15073,1,1,1,6,5
15074,0,5,1,8,6
15075,0,2,1,8,9
15076,1,1,1,8,8
15078,1,0,1,7,7
15079,1,2,1,8,8
15081,1,2,0,5,6
15083,0,2,0,3,9
15087,0,2,0,1,6
15088,0,5,0,0,5
15089,1,2,0,1,4
15090,1,1,1,8,7
15091,0,3,1,6,3
15092,1,4,1,3,8
15093,1,2,1,3,6
15095,1,4,1,10,7
15096,1,3,1,10,7
15097,1,5,1,8,6
15098,1,5,0,8,8
15099,0,5,1,3,2
15100,1,3,0,0,3
15101,1,3,0,9,7
15103,0,3,1,2,5
15104,0,3,1,6,2
15105,1,5,0,3,4
15106,0,5,0,5,3
15107,0,0,1,1,8
15109,0,2,0,6,7
15110,0,1,1,8,6
15111,1,1,0,10,2
15113,0,4,1,3,8
15114,0,0,1,6,3
15115,0,5,1,6,7
15116,0,4,1,1,6
15117,0,4,0,8,6
15118,0,1,1,7,6
15119,0,2,0,2,2
15120,0,4,0,5,8
15121,0,5,0,7,6
15122,1,4,1,8,5
15123,1,4,0,5,5
15124,1,3,1,2,5
15125,1,4,0,6,9
15127,0,0,1,3,8
15128,0,1,0,3,4
15129,1,5,1,5,7
15130,0,3,0,5,3
15132,1,1,1,9,4
15133,0,4,0,5,3
15134,0,3,1,3,4
15135,0,4,1,0,7
15136,1,3,1,3,5
15139,0,4,1,7,3
15140,1,3,0,2,6
15142,0,3,1,4,3
15143,0,1,1,7,5
15144,1,4,0,4,4
15145,0,1,1,2,4
15146,0,1,1,5,2
15147,0,3,1,8,5
15148,0,4,0,1,5
15149,0,3,0,4,4
15150,0,1,0,8,5
15152,0,5,1,5,2
15153,1,2,1,7,4
15154,0,0,0,6,9
15156,1,4,1,3,3
15157,1,0,1,9,6
15158,1,4,0,10,5
15159,1,1,0,5,7
15163,0,2,0,5,5
15164,1,2,1,5,5
15167,0,2,1,2,2
15168,0,5,0,5,9
15171,1,2,1,6,6
15172,0,1,0,2,3
15174,0,0,0,5,6
15175,0,4,0,8,8
15178,1,4,1,9,6
15179,1,2,1,7,8
15181,0,0,0,2,2
15182,0,0,0,2,2
15184,0,3,0,2,3
15185,0,1,0,3,4
15186,1,0,0,8,8
15187,1,4,0,8,6
15189,1,4,1,9,5
15192,0,3,0,8,3
15193,0,4,0,2,6
15194,0,0,1,6,7
15195,0,0,0,7,8
15197,1,4,0,5,5
15198,0,3,0,5,5
15199,1,1,1,3,2
15201,0,3,1,5,5
15203,0,3,0,4,8
15205,1,2,0,9,5
15206,0,3,1,1,4
15208,0,3,0,3,3
15210,1,3,1,6,4
15211,0,5,1,1,3
15212,0,4,1,1,5
15213,0,1,1,2,2
15214,1,0,0,6,4
15215,1,3,1,6,6
15216,0,4,1,8,8
15218,1,3,0,8,8
15219,0,2,1,2,6
15220,0,3,1,8,7
15222,1,1,1,0,7
15223,0,1,0,2,6
15225,0,3,1,3,8
15226,1,0,0,4,7
15227,0,1,1,5,8
15228,0,5,0,5,5
15230,0,3,0,0,3
15232,0,4,1,6,3
15234,0,1,0,2,3
15235,0,3,1,0,8
15236,0,4,1,6,4
15237,0,3,0,3,4
15238,0,5,0,2,4
15239,0,4,1,6,3
15240,0,1,0,8,4
15241,0,4,1,7,5
15243,1,2,0,9,2
15244,1,2,1,5,2
15245,1,1,1,0,8
15246,0,3,1,5,5
15247,1,3,1,5,5
15249,1,2,0,8,4
15251,1,3,1,2,8
15252,1,4,1,6,5
15253,1,4,1,1,2
15254,0,4,1,2,7
15255,0,3,0,4,3
15256,1,3,1,3,6
15257,1,4,0,9,3
15258,0,1,0,4,3
15260,1,4,1,9,8
15261,0,3,0,4,5
15262,1,2,0,1,7
15263,1,3,1,6,7
15264,0,1,1,5,8
15265,1,3,1,2,6
15266,1,5,0,3,3
15267,1,3,1,4,6
15269,1,2,0,8,8
15270,0,3,0,6,5
15271,1,4,1,8,4
15272,0,2,1,3,8
15274,0,3,0,3,2
15275,0,3,1,7,4
15276,1,1,1,10,9
15277,1,2,0,8,5
15280,0,5,0,6,2
15281,0,3,1,7,6
15286,0,3,1,7,2
15288,0,4,1,4,4
15289,0,0,0,0,9
15290,0,3,0,6,6
15291,0,2,0,1,7
15292,0,0,0,3,7
15296,0,3,0,4,3
15297,0,1,0,1,5
15298,0,3,0,6,8
15299,0,5,0,6,7
15300,0,5,1,6,3
15301,0,2,0,8,8
15303,0,2,0,3,5
15304,0,2,0,5,3
15306,0,2,0,6,4
15307,0,4,0,5,8
15308,0,2,1,3,5
15311,0,3,1,3,8
15312,0,3,0,4,7
15313,0,0,1,0,9
15314,0,4,1,4,6
15315,0,4,0,5,9
15316,0,1,0,8,6
15318,0,2,1,6,7
15319,0,4,0,2,3
15320,0,4,0,2,9
15321,0,5,1,8,3
15322,1,1,1,7,4
15325,0,3,1,2,4
15326,0,3,0,3,3
15327,1,1,0,1,8
15329,1,4,0,7,7
15330,1,0,1,7,8
15333,0,1,1,0,7
15334,1,1,1,3,9
15335,0,5,1,6,4
15339,1,2,1,9,4
15341,0,5,1,8,6
15342,1,2,1,7,8
15343,0,1,1,3,3
15344,1,0,1,9,6
15345,0,4,1,2,5
15346,0,4,1,2,2
15348,1,2,1,5,7
15349,1,1,1,6,6
15351,0,3,0,8,3
15353,0,3,1,2,3
15355,0,5,1,8,6
15356,0,4,1,0,8
15358,1,4,1,4,2
15360,1,5,1,2,8
15363,0,3,1,7,3
15364,1,2,0,1,3
15365,0,5,0,6,7
15366,1,2,0,3,9
15367,0,4,0,5,3
15368,1,2,1,5,5
15369,1,2,0,7,4
15370,0,4,0,4,6
15372,0,4,0,4,7
15373,1,2,0,8,4
15374,0,2,1,2,2
15376,1,3,1,4,7
15379,1,2,0,7,8
15380,1,4,0,2,6
15381,0,3,1,3,5
15382,1,3,0,7,6
15384,1,3,1,1,6
15385,1,1,1,4,2
15386,0,2,1,5,8
15389,1,3,1,10,4
15392,0,2,0,5,3
15393,0,0,0,3,4
15394,0,1,0,4,2
15395,0,4,0,6,6
15396,1,2,1,10,9
15397,1,0,0,3,4
15398,1,3,0,10,4
15399,1,0,1,2,6
15400,0,4,0,0,3
15402,1,4,1,3,6
15405,0,4,0,2,5
15406,0,0,1,7,5
15407,0,3,0,1,4
15408,0,3,1,7,9
15410,0,5,0,1,2
15411,0,5,1,6,6
15412,1,0,1,7,5
15414,1,2,1,1,8
15415,1,2,1,3,8
15416,1,3,1,7,6
15417,1,4,1,2,7
15419,1,2,1,2,8
15421,1,0,0,2,5
15422,1,1,1,3,9
15423,0,4,1,1,6
15424,0,1,1,5,4
15426,0,2,1,4,4
15427,0,3,1,1,4
15428,0,2,1,1,3
15429,0,0,1,6,7
15432,1,1,1,10,5
15433,0,3,1,4,7
15434,0,4,1,1,5
15435,0,2,0,3,2
15436,1,5,0,6,3
15437,1,2,1,8,3
15438,1,5,0,6,2
15440,0,2,1,8,8
15442,0,1,0,4,5
15443,1,1,1,6,5
15444,0,5,1,8,6
15445,0,2,1,8,9
15447,1,1,1,8,8
15448,1,0,1,7,7
15449,1,2,1,8,8
15450,1,2,0,5,6
15452,0,2,0,3,9
15453,0,2,0,1,6
15456,0,5,0,0,5
15457,1,2,0,1,4
15458,1,1,1,8,7
15462,0,3,1,6,3
15463,1,4,1,3,8
15464,1,2,1,3,6
15465,1,4,1,10,7
15466,1,3,1,10,7
15467,1,5,1,8,6
15468,1,5,0,8,8
15469,0,5,1,3,2
15471,1,3,0,0,3
15472,1,3,0,9,7
15473,0,3,1,2,5
15475,0,3,1,6,2
15478,1,5,0,3,4
15482,0,5,0,5,3
15483,0,0,1,1,8
15484,0,2,0,6,7
15485,0,1,1,8,6
15488,1,1,0,10,2
15489,0,4,1,3,8
15491,0,0,1,6,3
15492,0,5,1,6,7
15493,0,4,1,1,6
15494,0,4,0,8,6
15497,0,1,1,7,6
15498,0,2,0,2,2
15500,0,4,0,5,8
15502,0,5,0,7,6
15504,1,4,1,8,5
15505,1,4,0,5,5
15506,1,3,1,2,5
15507,1,4,0,6,9
15508,0,0,1,3,8
15510,0,1,0,3,4
15511,1,5,1,5,7
15512,0,3,0,5,3
15513,1,1,1,9,4
15514,0,4,0,5,3
15516,0,3,1,3,4
15517,0,4,1,0,7
15518,1,3,1,3,5
15520,0,4,1,7,3
15521,1,3,0,2,6
15522,0,3,1,4,3
15523,0,1,1,7,5
15524,1,4,0,4,4
15525,0,1,1,2,4
15526,0,1,1,5,2
15527,0,3,1,8,5
15528,0,4,0,1,5
15529,0,3,0,4,4
15530,0,1,0,8,5
15531,0,5,1,5,2
15532,1,2,1,7,4
15533,0,0,0,6,9
15535,1,4,1,3,3
15537,1,0,1,9,6
15539,1,4,0,10,5
15540,1,1,0,5,7
15541,0,2,0,5,5
15543,1,2,1,5,5
15544,0,2,1,2,2
15545,0,5,0,5,9
15547,1,2,1,6,6
15549,0,1,0,2,3
15550,0,0,0,5,6
15551,0,4,0,8,8
15552,1,4,1,9,6
15553,1,2,1,7,8
15554,0,0,0,2,2
15555,0,0,0,2,2
15556,0,3,0,2,3
15557,0,1,0,3,4
15561,1,0,0,8,8
15563,1,4,0,8,6
15565,1,4,1,9,5
15567,0,3,0,8,3
15568,0,4,0,2,6
15569,0,0,1,6,7
15570,0,0,0,7,8
15571,1,4,0,5,5
15572,0,3,0,5,5
15573,1,1,1,3,2
15574,0,3,1,5,5
15576,0,3,0,4,8
15577,1,2,0,9,5
15578,0,3,1,1,4
15579,0,3,0,3,3
15581,1,3,1,6,4
15582,0,5,1,1,3
15584,0,4,1,1,5
15585,0,1,1,2,2
15587,1,0,0,6,4
15589,1,3,1,6,6
15590,0,4,1,8,8
15592,1,3,0,8,8
15593,0,2,1,2,6
15594,0,3,1,8,7
15596,1,1,1,0,7
15597,0,1,0,2,6
15598,0,3,1,3,8
15599,1,0,0,4,7
15601,0,1,1,5,8
15602,0,5,0,5,5
15603,0,3,0,0,3
15604,0,4,1,6,3
15605,0,1,0,2,3
15606,0,3,1,0,8
15607,0,4,1,6,4
15608,0,3,0,3,4
15609,0,5,0,2,4
15610,0,4,1,6,3
15611,0,1,0,8,4
15612,0,4,1,7,5
15615,1,2,0,9,2
15618,1,2,1,5,2
15619,1,1,1,0,8
15620,0,3,1,5,5
15621,1,3,1,5,5
15622,1,2,0,8,4
15623,1,3,1,2,8
15624,1,4,1,6,5
15625,1,4,1,1,2
15626,0,4,1,2,7
15628,0,3,0,4,3
15630,1,3,1,3,6
15632,1,4,0,9,3
15634,0,1,0,4,3
15636,1,4,1,9,8
15637,0,3,0,4,5
15638,1,2,0,1,7
15639,1,3,1,6,7
15640,0,1,1,5,8
15641,1,3,1,2,6
15643,1,5,0,3,3
15644,1,3,1,4,6
15645,1,2,0,8,8
15646,0,3,0,6,5
15648,1,4,1,8,4
15649,0,2,1,3,8
15651,0,3,0,3,2
15652,0,3,1,7,4
15653,1,1,1,10,9
15654,1,2,0,8,5
15655,0,5,0,6,2
15656,0,3,1,7,6
15657,0,3,1,7,2
15658,0,4,1,4,4
15659,0,0,0,0,9
15660,0,3,0,6,6
15661,0,2,0,1,7
15663,0,0,0,3,7
15664,0,3,0,4,3
15665,0,1,0,1,5
15667,0,3,0,6,8
15668,0,5,0,6,7
15669,0,5,1,6,3
15670,0,2,0,8,8
15671,0,2,0,3,5
15673,0,2,0,5,3
15674,0,2,0,6,4
15675,0,4,0,5,8
15676,0,2,1,3,5
15677,0,3,1,3,8
15678,0,3,0,4,7
15679,0,0,1,0,9
15680,0,4,1,4,6
15681,0,4,0,5,9
15683,0,1,0,8,6
15687,0,2,1,6,7
15689,0,4,0,2,3
15690,0,4,0,2,9
15691,0,5,1,8,3
15692,1,1,1,7,4
15694,0,3,1,2,4
15695,0,3,0,3,3
15696,1,1,0,1,8
15699,1,4,0,7,7
15700,1,0,1,7,8
15701,0,1,1,0,7
15703,1,1,1,3,9
15704,0,5,1,6,4
15705,1,2,1,9,4
15706,0,5,1,8,6
15707,1,0,1,9,6
15708,0,5,0,8,6
15709,1,2,1,9,7
15712,1,3,1,4,9
15713,0,3,0,5,2
15714,0,3,1,8,8
15716,1,3,1,7,5
15717,1,0,1,6,8
15719,0,3,1,5,3
15720,1,3,1,1,5
15721,1,0,1,2,2
15722,0,0,1,7,4
15724,0,3,1,7,7
15725,1,4,0,10,7
15727,0,1,1,0,9
15728,0,1,1,8,3
15729,1,0,1,9,6
15730,1,2,1,0,4
15732,0,2,1,7,7
15733,1,3,0,9,4
15734,0,4,0,5,3
15737,0,2,1,2,3
15738,0,1,1,6,5
15739,0,3,1,5,3
15740,0,3,0,0,8
15743,1,5,1,6,8
15744,1,1,1,6,9
15745,1,1,1,10,8
15746,1,0,1,4,7
15747,0,2,1,3,5
15748,1,4,1,10,9
15749,0,3,0,2,5
15750,1,4,1,1,6
15752,1,4,0,3,3
15753,1,3,0,8,3
15754,1,3,1,2,5
15755,1,4,1,8,4
15756,1,4,1,8,5
15757,0,3,0,3,3
15758,0,1,0,5,2
15759,0,5,1,5,4
15762,0,0,0,8,7
15763,1,4,0,3,2
15764,0,4,0,8,3
15766,0,0,1,0,3
15768,1,4,0,5,2
15769,1,1,1,2,5
15773,1,0,1,6,5
15774,1,1,1,6,2
15775,1,1,1,4,8
15776,1,2,1,6,6
15777,0,4,1,6,2
15780,0,3,1,0,3
15781,0,5,0,5,8
15782,1,2,0,5,4
15783,0,3,0,2,4
15785,0,3,0,1,5
15786,0,4,0,7,8
15787,0,2,1,6,6
15790,1,4,1,0,3
15791,1,5,1,2,2
15793,1,2,0,0,8
15795,1,0,1,7,6
15796,0,2,0,5,9
15797,0,4,1,1,8
15799,0,2,0,7,2
15800,1,2,0,3,3
15801,0,1,0,2,4
15802,0,5,1,2,9
15803,0,3,1,2,5
15804,1,2,1,3,4
15805,0,1,1,8,9
15806,1,3,0,7,7
15807,0,4,0,0,9
15808,0,4,1,3,3
15809,0,5,1,6,3
15810,0,3,0,6,6
15811,1,0,1,8,3
15812,1,5,1,8,6
15813,1,1,0,1,8
15814,1,2,1,1,3
15815,0,2,1,1,2
15819,1,5,1,3,7
15820,0,1,1,3,4
15821,0,3,1,1,8
15822,0,0,1,3,5
15823,1,3,1,10,6
15825,0,4,0,6,8
15826,0,3,0,7,4
15827,0,0,0,1,5
15829,1,1,0,1,5
15830,0,2,0,3,5
15831,1,2,1,8,5
15832,1,4,1,1,5
15834,0,3,1,6,6
15835,0,1,0,4,3
15836,1,3,1,9,9
15837,0,1,0,2,3
15838,1,4,1,7,8
15839,1,4,1,9,3
15840,1,4,1,1,6
15841,1,2,1,4,5
15843,1,4,1,3,7
15844,1,0,0,10,3
15845,0,1,1,7,4
15847,0,0,0,2,3
15850,1,2,1,1,5
15852,1,0,0,2,7
15853,0,1,0,5,5
15854,1,3,0,1,6
15855,0,2,1,2,8
15856,1,4,0,9,5
15857,0,1,1,0,6
15858,0,4,1,4,7
15860,1,2,1,6,8
15861,1,3,0,7,7
15862,1,5,1,4,6
15863,0,4,1,5,3
15864,0,1,1,4,8
15865,1,2,1,7,9
15866,1,3,1,8,3
15867,0,2,1,8,6
15869,0,3,0,6,3
15870,0,4,1,8,3
15872,0,3,0,2,2
15874,0,3,0,1,3
15877,1,3,1,8,4
15881,0,4,1,2,2
15882,0,4,0,2,2
15883,0,3,0,5,6
15885,1,1,1,8,8
15886,0,2,1,2,4
15888,0,2,0,3,2
15889,1,1,1,1,9
15891,0,2,0,4,5
15894,1,5,1,1,5
15895,1,5,1,5,8
15897,1,1,0,8,5
15898,1,3,1,5,5
15900,1,5,0,5,8
15901,0,0,1,3,8
15903,1,1,1,6,5
15904,1,1,0,0,8
15906,1,4,1,6,5
15907,1,3,1,2,9
15909,1,0,1,6,2
15910,0,2,0,7,6
15912,1,2,0,2,8
15916,1,0,0,6,4
15917,1,2,1,7,9
15918,0,2,0,7,8
15919,1,1,1,4,4
15920,1,5,0,5,6
15921,1,3,1,5,4
15925,1,2,0,5,3
15930,1,3,1,1,2
15932,1,1,0,5,4
15933,0,2,1,4,2
15935,1,3,1,8,8
15937,1,2,0,8,7
15938,0,1,0,2,6
15939,1,1,1,4,4
15940,0,3,0,6,8
15942,1,2,1,10,6
15944,1,0,1,6,5
15947,0,1,0,3,8
15948,1,1,1,0,7
15949,1,4,0,3,3
15950,1,4,1,3,5
15951,1,4,0,3,3
15952,0,2,1,3,3
15953,0,2,1,0,9
15955,1,1,0,4,5
15957,1,4,0,3,7
15958,1,1,1,8,4
15963,0,3,1,4,3
15965,1,1,1,1,4
15967,1,2,0,0,5
15969,0,4,0,2,5
15970,1,0,1,5,2
15971,0,4,1,4,3
15973,0,4,1,7,8
15974,0,2,1,3,5
15975,0,3,0,8,7
15976,0,2,0,3,7
15977,0,4,0,2,7
15978,0,5,1,5,5
15980,0,1,0,2,8
15981,0,5,0,5,3
15983,0,2,1,6,5
15984,0,1,1,3,6
15985,0,3,0,4,7
15986,0,1,0,2,7
15987,0,4,1,3,9
15988,0,1,0,3,6
15990,0,5,1,4,3
15992,0,0,1,6,6
15993,0,4,1,2,6
15994,0,5,1,4,3
15996,0,4,0,4,3
15998,0,4,0,7,7
16000,0,2,0,4,7
16003,0,0,0,3,8
16005,0,2,1,2,4
16006,0,4,0,7,8
16007,0,4,1,6,8
16008,0,3,0,2,4
16009,0,1,0,5,2
16010,0,2,0,8,8
16011,0,5,1,4,4
16012,0,4,0,6,6
16013,0,3,1,0,5
16014,0,4,0,6,3
16015,0,1,0,8,4
16016,0,3,1,5,6
16017,0,1,0,5,5
16018,0,1,1,0,6
16019,0,2,1,2,3
16020,0,4,0,3,4
16022,0,2,0,4,2
16023,0,5,1,1,7
16024,0,2,0,8,4
16025,0,2,1,6,2
16026,0,5,1,1,6
16027,0,4,0,2,6
16029,0,0,0,7,3
16030,0,4,1,6,7
16031,0,3,1,0,5
16033,0,2,1,1,6
16034,0,0,0,7,3
16036,0,4,0,5,8
16037,0,1,1,1,3
16038,0,3,0,5,3
16040,0,2,0,2,2
16041,0,5,1,2,5
16042,0,2,1,5,8
16043,0,1,1,3,4
16045,0,2,0,1,4
16048,0,3,0,8,5
16049,0,0,0,4,5
16050,0,1,1,7,8
16052,0,4,1,2,3
16053,1,0,1,7,8
16054,0,4,1,8,8
16055,1,5,0,6,9
16056,0,4,0,1,3
16057,1,4,1,5,7
16059,0,1,0,8,8
16061,1,2,0,3,9
16062,0,3,1,1,8
16063,0,3,0,3,2
16066,1,3,1,2,8
16070,0,4,1,0,7
16071,0,2,1,1,7
16072,0,2,1,0,6
16073,1,5,0,5,5
16076,1,3,1,4,9
16078,0,1,0,8,8
16079,1,4,0,0,8
16080,0,2,0,4,6
16081,0,2,0,6,9
16083,1,2,1,9,5
16084,0,3,0,1,2
16085,0,3,0,2,2
16086,1,0,0,0,9
16091,1,2,0,4,7
16092,0,2,1,0,6
16093,0,3,1,3,6
16094,0,4,1,8,9
16096,1,5,1,6,6
16097,1,2,1,7,5
16098,0,2,0,5,4
16099,0,3,1,2,2
16101,0,2,0,7,8
16102,0,1,0,3,2
16103,0,5,1,3,4
16104,0,2,0,1,7
16105,1,3,1,9,5
16106,0,3,1,6,4
16107,1,3,1,9,5
16108,0,1,0,2,9
16109,0,0,1,6,2
16110,1,1,1,1,5
16112,0,2,1,2,5
16113,1,1,1,5,6
16114,0,4,0,5,8
16115,0,5,0,1,9
16116,1,1,0,4,4
16117,1,0,0,5,6
16119,1,4,1,10,6
16120,1,2,1,1,4
16121,1,1,1,4,3
16122,1,3,0,8,5
16123,1,5,0,3,3
16124,1,2,0,4,3
16126,1,4,1,2,5
16127,1,2,1,4,4
16128,1,3,0,6,4
16131,0,5,0,1,8
16133,0,3,0,3,2
16134,1,5,1,7,8
16135,1,3,1,8,4
16136,1,3,0,3,7
16139,0,4,1,2,5
16140,1,4,0,0,6
16141,1,2,1,1,6
16142,0,3,1,2,5
16143,1,5,1,3,7
16144,0,1,0,7,8
16145,1,0,1,1,7
16146,1,2,0,9,6
16147,0,2,0,6,6
16148,0,3,0,4,4
16149,0,5,0,7,6
16150,0,2,1,8,8
16152,0,2,1,5,3
16153,0,2,0,3,4
16156,0,0,1,4,5
16157,0,2,0,7,7
16159,0,5,0,1,5
16160,1,3,1,7,7
16161,0,0,0,3,5
16162,1,4,1,7,5
16163,1,2,0,8,7
16164,0,0,0,5,7
16168,1,2,1,6,5
16169,0,2,1,4,4
16170,1,3,0,5,7
16171,0,0,1,2,4
16172,1,4,1,3,9
16173,0,3,0,1,3
16174,1,4,1,3,6
16175,1,4,1,5,4
16177,0,5,1,5,4
16178,0,1,1,6,8
16179,0,5,1,3,3
16180,0,0,0,2,4
16181,1,2,1,10,8
16182,0,4,1,6,3
16183,0,3,0,3,4
16184,0,4,0,3,3
16185,0,4,1,6,2
16186,1,1,0,1,6
16187,0,0,0,7,6
16188,0,0,0,2,4
16189,1,3,1,8,6
16190,1,1,1,3,6
16191,0,3,0,1,2
16193,0,2,1,3,6
16198,1,2,1,10,4
16200,0,3,1,5,2
16201,1,2,0,6,7
16203,0,2,0,8,5
16204,1,4,1,3,7
16205,0,4,1,0,7
16206,0,1,1,6,4
16207,0,4,0,3,5
16208,1,3,1,3,3
16209,0,0,0,2,5
16210,0,2,1,7,5
16211,0,1,1,5,5
16212,1,3,1,5,5
16213,0,1,0,0,6
16214,1,3,1,7,7
16215,0,4,1,6,5
16216,0,2,1,3,7
16217,0,3,0,6,8
16218,0,4,0,4,7
16221,0,0,1,8,6
16222,1,4,1,9,8
16224,0,3,1,3,2
16225,0,0,1,2,3
16226,1,0,1,3,3
16227,0,4,1,4,3
16229,0,3,1,3,5
16230,1,1,0,7,5
16232,0,5,1,2,3
16233,0,5,0,7,6
16235,1,4,1,1,6
16236,0,0,1,3,3
16239,0,3,1,4,5
16240,0,2,0,7,9
16241,0,2,0,1,6
16242,0,3,1,3,2
16243,0,2,0,1,3
16244,0,0,0,2,2
16245,0,4,0,4,3
16247,0,0,0,2,3
16248,0,0,1,2,4
16249,0,4,0,5,8
16250,0,3,1,5,6
16253,1,1,1,7,5
16255,1,2,0,5,7
16256,1,3,1,5,2
16257,1,4,1,10,8
16258,0,1,0,3,2
16260,1,5,1,4,8
16261,0,5,0,0,5
16265,0,0,0,3,9
16266,1,0,1,8,4
16268,0,1,1,5,2
16271,0,1,1,1,5
16272,1,1,0,3,2
16275,1,1,0,5,3
16276,0,3,1,4,7
16278,0,1,0,4,8
16279,0,4,1,3,3
16281,1,3,1,0,6
16282,1,3,1,9,5
16283,0,3,1,2,9
16284,0,4,1,5,2
16287,1,5,0,4,3
16292,1,5,0,0,3
16293,0,4,0,3,5
16295,1,0,1,10,6
16297,0,3,0,7,3
16298,1,2,1,4,9
16302,1,3,1,8,4
16303,0,1,1,6,3
16305,0,2,1,7,4
16306,0,2,1,1,4
16308,0,3,1,2,3
16309,1,5,1,1,5
16311,1,1,1,2,5
16313,1,1,1,2,5
16315,1,3,0,7,6
16316,0,3,1,5,2
16317,1,1,1,7,8
16318,1,3,1,1,3
16319,0,3,0,6,3
16322,0,3,1,5,6
16323,0,1,1,2,2
16324,1,2,0,1,9
16325,0,5,1,6,5
16326,1,1,1,2,3
16327,1,3,1,1,6
16330,1,1,1,1,4
16332,0,3,1,1,7
16333,0,1,0,3,4
16337,0,3,0,1,2
16338,1,1,1,4,8
16339,0,1,0,5,8
16340,0,3,1,2,5
16341,1,2,1,0,5
16342,0,4,1,3,4
16343,0,1,1,0,9
16344,1,5,1,4,5
16345,0,3,1,1,4
16347,0,5,0,0,8
16348,1,4,1,8,8
16349,1,4,1,5,7
16350,0,1,1,0,9
16351,1,4,1,3,8
16352,0,4,1,2,4
16353,1,1,1,6,8
16354,0,2,0,3,8
16356,1,4,1,3,2
16357,0,1,0,6,8
16358,0,0,0,3,3
16359,0,1,0,6,2
16360,1,3,0,1,3
16361,1,3,1,7,3
16362,1,4,0,9,5
16363,1,2,1,9,8
16364,0,0,0,0,5
16365,0,5,1,3,2
16366,0,2,1,3,9
16367,0,2,0,4,8
16368,0,2,0,2,4
16369,0,5,0,7,4
16370,0,1,1,0,7
16372,0,3,1,7,3
16374,1,2,1,6,4
16376,1,3,1,1,6
16377,0,2,1,7,4
16378,1,4,1,9,7
16379,1,2,1,2,9
16380,1,3,0,9,2
16383,1,4,1,2,6
16384,1,4,1,9,7
16385,1,2,1,4,6
16386,1,3,0,7,3
16387,1,1,0,9,8
16389,0,2,1,8,3
16392,0,3,0,0,3
16393,1,4,1,7,3
16394,1,2,1,2,8
16395,0,3,0,5,8
16398,0,3,1,6,8
16399,1,1,1,6,4
16400,0,5,0,2,3
16401,0,1,1,4,5
16402,1,4,1,7,3
16403,1,1,1,8,4
16404,1,1,1,3,6
16405,0,3,1,7,6
16406,0,2,1,8,7
16407,0,2,1,2,5
16409,1,1,0,7,2
16411,0,1,0,2,9
16412,0,2,0,3,3
16413,0,1,1,1,3
16414,1,0,1,9,6
16415,1,4,0,3,4
16416,0,3,0,4,4
16418,0,5,1,0,4
16419,0,2,0,6,8
16422,1,4,1,7,4
16423,1,3,1,1,6
16424,1,3,0,6,6
16425,1,5,0,3,7
16426,1,4,0,6,3
16427,1,0,1,5,6
16428,0,3,1,3,3
16429,0,2,0,2,4
16430,0,4,0,8,7
16431,1,2,0,6,5
16432,1,4,1,2,7
16433,0,3,1,2,3
16434,0,3,0,6,8
16438,1,3,0,10,5
16440,1,3,0,6,7
16441,0,4,1,8,5
16442,0,4,1,1,9
16444,0,0,1,3,6
16445,1,2,1,4,6
16446,1,1,1,0,8
16447,0,0,1,3,6
16448,0,4,0,5,3
16449,0,5,0,4,7
16450,1,2,1,9,9
16451,0,3,0,3,4
16454,0,3,0,3,3
16455,1,4,1,9,3
16456,1,2,1,9,8
16457,1,1,0,2,8
16458,0,1,1,3,5
16460,0,4,1,0,4
16461,0,5,0,8,3
16462,0,1,0,8,3
16463,0,2,0,2,6
16464,0,1,1,1,6
16466,1,5,1,5,2
16468,1,2,1,8,5
16469,0,2,0,2,5
16470,1,1,1,2,8
16471,1,2,1,3,9
16473,0,3,0,4,4
16474,1,5,0,6,4
16475,1,4,1,6,8
16477,0,1,1,3,8
16478,0,2,1,7,6
16479,1,2,0,6,5
16480,0,1,0,3,5
16482,0,2,1,6,4
16483,1,2,0,5,8
16484,1,0,0,4,3
16485,0,1,0,4,9
16488,0,2,0,3,5
16491,1,0,1,1,7
16493,0,5,0,2,8
16494,0,2,1,7,2
16495,1,4,0,9,2
16496,0,0,0,2,5
16497,0,3,1,8,5
16498,0,2,0,2,3
16500,1,4,1,9,9
16503,0,0,1,2,7
16504,1,3,1,6,8
16505,1,2,1,2,3
16506,1,0,1,9,3
16509,1,0,0,1,4
16511,1,4,0,7,2
16513,0,1,1,2,6
16515,0,0,1,5,3
16516,0,3,0,6,7
16517,1,2,1,0,5
16518,1,3,1,10,8
16519,0,1,1,5,3
16520,0,2,1,3,5
16523,0,5,1,2,7
16525,0,1,1,8,2
16526,1,5,0,1,2
16527,0,0,1,1,4
16528,1,2,1,9,7
16529,1,2,1,3,3
16531,1,2,0,9,6
16532,0,4,0,3,9
16533,1,4,1,1,2
16535,1,2,1,7,3
16536,1,2,1,5,2
16539,1,4,0,6,9
16542,0,1,1,6,7
16545,0,1,0,1,3
16546,0,4,0,3,4
16549,0,1,1,2,4
16550,0,5,1,2,4
16551,1,0,0,8,7
16552,1,4,1,6,3
16553,0,5,1,3,4
16554,0,2,1,2,3
16555,0,3,0,0,7
16556,0,4,1,3,8
16557,0,0,0,6,3
16558,0,3,1,8,5
16560,0,4,0,1,2
16561,0,0,0,1,4
16563,0,4,0,7,9
16566,0,5,0,5,5
16567,0,2,1,7,2
16569,0,5,0,2,2
16570,0,5,0,5,6
16571,0,3,0,3,6
16572,0,1,0,2,3
16573,0,5,0,7,4
16574,0,4,0,8,4
16581,0,0,0,1,2
16582,0,3,0,2,9
16584,0,2,1,7,4
16586,0,2,0,2,7
16587,0,2,1,6,2
16589,0,1,0,4,8
16591,0,0,0,7,9
16592,0,0,0,0,9
16593,0,1,1,2,7
16594,0,2,0,2,4
16595,0,2,1,2,3
16596,0,1,0,1,4
16597,0,3,0,2,4
16598,0,4,0,2,3
16600,0,2,1,4,6
16601,0,3,1,1,7
16602,0,3,0,5,5
16603,0,3,0,2,3
16607,0,4,1,2,6
16609,0,1,0,1,7
16610,0,1,0,7,5
16611,0,2,1,8,3
16612,0,0,1,5,4
16613,0,5,0,2,9
16614,0,4,0,6,8
16616,0,5,1,1,3
16617,0,2,1,0,6
16618,0,3,1,6,8
16619,0,4,1,7,3
16620,0,2,1,4,6
16621,1,3,1,10,8
16623,1,4,1,8,2
16624,1,2,1,5,8
16625,1,4,0,6,6
16626,1,5,0,3,5
16627,0,1,1,2,7
16628,1,0,1,2,4
16629,0,3,1,6,5
16633,0,2,1,2,5
16634,1,4,1,8,3
16637,0,1,0,1,6
16638,0,1,1,0,2
16639,1,4,1,9,3
16641,1,1,0,5,8
16642,1,4,1,1,4
16643,0,1,0,0,8
16644,1,0,1,5,4
16647,0,0,1,1,6
16648,0,5,1,2,4
16650,1,3,1,3,3
16652,1,0,1,1,4
16653,0,1,1,3,7
16654,0,4,0,8,6
16655,0,5,1,3,8
16656,1,1,0,8,4
16657,0,5,1,3,2
16659,0,0,0,3,4
16660,1,1,1,1,8
16666,0,1,0,3,2
16667,1,5,0,7,7
16668,1,2,1,2,4
16669,0,2,1,3,3
16670,1,2,1,8,6
16671,0,1,1,2,5
16672,1,2,1,9,7
16674,1,5,0,8,4
16676,1,4,1,3,6
16678,0,3,1,6,4
16680,1,0,1,6,9
16681,0,2,0,2,4
16682,1,4,1,10,6
16684,1,4,1,6,7
16685,0,1,1,4,9
16686,0,2,1,3,5
16688,0,1,1,5,7
16689,0,2,0,8,6
16690,0,4,1,7,8
16692,0,1,0,7,5
16693,0,3,0,5,2
16696,0,4,1,1,6
16697,1,4,0,1,4
16698,1,1,0,10,6
16700,0,2,0,0,6
16701,0,4,1,8,6
16705,1,2,1,2,3
16706,1,1,1,6,8
16708,0,1,0,2,2
16709,1,5,0,3,7
16710,1,2,1,2,9
16711,1,1,0,6,6
16712,1,2,1,6,9
16713,1,4,1,5,5
16714,1,3,1,7,7
16715,0,5,0,3,5
16716,1,3,1,3,6
16717,0,3,0,7,5
16719,0,5,0,5,5
16720,0,4,0,3,8
16721,0,3,1,3,4
16722,0,2,0,3,7
16723,1,2,1,1,8
16725,1,1,1,1,8
16726,1,3,1,8,6
16728,0,2,0,7,5
16729,0,3,1,3,3
16730,1,1,0,0,3
16732,1,1,1,4,4
16734,1,5,1,7,8
16735,1,1,1,8,6
16737,0,3,0,4,3
16738,0,4,1,5,3
16739,1,2,0,3,7
16742,0,4,0,2,3
16743,0,4,0,1,7
16744,1,1,1,5,8
16745,1,1,0,8,4
16746,1,1,1,9,6
16747,1,1,1,6,2
16748,0,1,1,5,7
16750,1,3,1,8,7
16751,0,5,0,8,7
16753,0,3,0,4,6
16755,1,0,1,6,7
16756,1,1,1,5,4
16757,1,3,1,1,4
16758,1,3,1,3,4
16759,1,1,1,0,7
16761,0,2,1,4,6
16762,0,5,0,2,3
16763,0,2,1,0,7
16764,1,1,1,3,6
16765,0,0,0,1,5
16766,0,0,0,6,8
16767,1,2,1,3,3
16768,1,4,1,1,6
16769,1,1,1,6,9
16770,1,1,1,8,5
16771,1,4,1,6,4
16773,1,3,0,9,7
16774,1,3,1,1,9
16775,0,2,0,1,5
16776,0,0,0,1,8
16777,0,0,0,6,4
16778,0,2,0,7,7
16779,1,0,0,7,4
16780,0,1,1,5,8
16782,0,1,1,1,5
16784,0,4,0,7,4
16788,0,3,1,7,7
16789,1,4,1,5,5
16790,0,1,0,2,3
16791,1,1,1,1,4
16792,0,2,0,5,4
16793,1,2,1,8,3
16794,0,3,0,4,2
16796,1,4,1,1,3
16800,0,3,1,1,6
16801,0,1,0,8,7
16803,0,3,1,4,8
16804,0,2,1,2,2
16805,1,4,1,7,2
16806,0,1,0,4,4
16807,1,2,1,7,8
16808,1,0,1,4,6
16809,0,1,1,4,2
16810,1,4,1,8,9
16811,0,3,1,7,6
16813,1,3,1,9,4
16814,0,5,1,4,6
16816,1,0,1,3,7
16817,1,3,0,2,6
16818,0,1,0,2,4
16820,0,4,1,4,2
16823,1,1,1,2,6
16824,1,4,1,6,2
16825,1,2,1,7,5
16826,0,4,0,0,8
16828,0,1,0,3,8
16829,0,2,1,7,4
16830,0,2,1,3,3
16832,0,0,1,4,8
16833,1,2,0,1,8
16834,0,4,0,7,7
16835,0,5,1,7,6
16836,1,3,1,6,7
16837,0,4,1,6,7
16838,0,5,1,1,7
16839,0,4,0,1,4
16841,0,1,0,5,7
16842,1,1,1,9,7
16843,0,3,1,4,8
16846,1,3,1,1,5
16847,0,4,0,3,4
16848,1,4,1,4,5
16849,1,2,1,8,7
16850,1,3,1,9,5
16851,1,2,0,2,4
16852,1,1,1,9,7
16855,0,2,1,4,6
16856,0,0,1,0,8
16859,0,2,0,3,2
16861,1,2,1,1,4
16863,0,2,1,4,8
16866,0,4,1,2,9
16869,1,2,0,9,7
16871,0,3,1,4,5
16872,1,4,1,4,4
16873,0,3,0,1,3
16875,0,5,0,1,5
16877,0,4,0,7,5
16878,0,4,0,6,3
16880,0,4,1,4,9
16881,0,5,1,6,8
16882,1,3,1,2,6
16883,0,0,0,2,7
16884,0,3,0,8,5
16885,1,4,1,4,6
16887,0,5,0,7,5
16889,0,5,1,8,8
16891,1,3,1,7,6
16892,1,2,1,4,2
16895,0,1,1,8,5
16897,0,4,1,6,5
16898,0,1,1,1,6
16899,1,4,1,0,7
16900,0,1,1,7,4
16902,1,5,1,0,7
16903,0,5,0,2,6
16904,1,2,1,2,7
16905,1,1,1,7,4
16906,0,1,0,6,8
16907,0,1,1,8,3
16909,0,2,0,4,7
16910,0,4,0,3,4
16912,1,3,1,9,9
16913,0,4,1,1,6
16914,0,3,1,5,3
16915,0,3,1,6,6
16916,1,4,0,2,9
16917,0,4,0,3,5
16918,0,4,1,7,7
16919,0,4,1,1,5
16921,1,1,1,1,5
16923,1,5,1,6,8
16924,0,3,0,7,6
16927,0,2,1,5,4
16928,0,5,0,6,8
16929,1,2,0,9,8
16930,1,1,0,10,5
16931,0,4,0,4,3
16932,1,4,1,4,6
16933,0,0,0,1,3
16934,1,2,0,4,7
16936,0,0,1,4,8
16938,1,1,1,8,4
16940,0,3,1,0,9
16942,0,2,0,2,5
16943,0,3,1,8,9
16945,1,0,0,2,6
16947,1,2,1,4,7
16948,1,1,1,1,9
16949,0,3,0,0,4
16950,1,1,1,0,7
16951,1,2,1,10,7
16952,1,1,1,8,9
16953,0,2,1,4,2
16954,1,4,0,0,4
16955,0,0,1,8,7
16956,0,3,1,6,5
16957,1,2,0,5,5
16959,1,2,0,6,8
16960,0,2,1,7,6
16961,0,3,1,8,8
16963,0,5,0,7,8
16965,1,5,0,0,6
16966,0,2,0,5,5
16967,0,1,0,4,5
16968,0,3,0,3,4
16969,1,4,1,9,6
16971,0,3,0,2,6
16976,0,4,1,7,2
16978,1,4,0,8,7
16979,0,1,0,8,6
16980,1,1,1,7,5
16982,0,2,0,3,8
16983,1,1,1,3,5
16984,0,0,0,4,4
16985,1,1,0,7,5
16986,0,3,0,6,5
16987,0,1,0,7,9
16988,0,4,0,2,3
16989,0,3,0,3,2
16990,0,2,0,7,6
16992,0,4,1,5,8
16996,0,2,1,4,4
16997,0,4,1,4,3
16998,0,3,0,8,3
16999,0,3,0,3,2
17001,0,3,1,2,4
17002,0,5,0,5,7
17004,0,3,0,2,4
17006,0,3,1,2,4
17007,0,4,0,2,2
17010,0,2,0,3,8
17011,0,4,1,4,8
17014,0,5,0,5,4
17015,0,3,0,4,4
17017,0,4,1,4,7
17018,0,2,1,2,6
17019,0,2,1,2,3
17022,0,0,0,2,5
17024,0,4,1,3,5
17025,0,0,1,3,6
17026,0,2,0,4,5
17027,0,4,1,7,9
17029,0,3,0,5,2
17030,0,2,0,7,8
17031,0,3,0,4,3
17033,0,4,1,2,3
17034,0,5,0,4,4
17035,0,1,1,3,7
17037,0,4,0,2,6
17038,0,4,1,5,4
17040,0,3,1,2,3
17041,0,5,1,4,6
17042,0,2,1,6,5
17043,0,1,1,2,7
17044,0,5,0,2,8
17045,0,3,0,5,4
17046,0,2,0,3,3
17047,1,2,1,8,4
17048,0,2,1,8,8
17049,1,3,1,8,6
17050,0,4,1,4,4
17051,1,3,1,2,5
17052,1,5,0,6,4
17053,0,5,0,6,2
17054,0,1,1,5,7
17058,0,4,1,2,4
17059,1,3,1,1,5
17060,0,2,0,6,4
17061,0,3,1,1,3
17062,0,2,1,0,4
17063,0,5,1,6,8
17064,1,4,0,5,4
17065,1,2,1,7,8
17068,0,1,1,3,3
17069,1,0,1,9,6
17070,0,4,1,2,5
17071,0,4,1,2,2
17073,1,2,1,5,7
17075,1,1,1,6,6
17076,0,3,0,8,3
17078,0,3,1,2,3
17079,0,5,1,8,6
17080,0,4,1,0,8
17081,1,4,1,4,2
17082,1,5,1,2,8
17083,0,3,1,7,3
17084,1,2,0,1,3
17085,0,5,0,6,7
17086,1,2,0,3,9
17088,0,4,0,5,3
17090,1,2,1,5,5
17091,1,2,0,7,4
17092,0,4,0,4,6
17094,0,4,0,4,7
17095,1,2,0,8,4
17096,0,2,1,2,2
17100,1,3,1,4,7
17101,1,2,0,7,8
17102,1,4,0,2,6
17105,0,3,1,3,5
17107,1,3,0,7,6
17109,1,3,1,1,6
17110,1,1,1,4,2
17111,0,2,1,5,8
17114,1,3,1,10,4
17115,0,2,0,5,3
17117,0,0,0,3,4
17118,0,1,0,4,2
17119,0,4,0,6,6
17120,1,2,1,10,9
17122,1,0,0,3,4
17123,1,3,0,10,4
17124,1,0,1,2,6
17125,0,4,0,0,3
17126,1,4,1,3,6
17128,0,4,0,2,5
17131,0,0,1,7,5
17133,0,3,0,1,4
17134,0,3,1,7,9
17135,0,5,0,1,2
17138,0,5,1,6,6
17139,1,0,1,7,5
17140,1,2,1,1,8
17142,1,2,1,3,8
17144,1,3,1,7,6
17146,1,4,1,2,7
17147,1,2,1,2,8
17148,1,0,0,2,5
17152,1,1,1,3,9
17153,0,4,1,1,6
17154,0,1,1,5,4
17155,0,2,1,4,4
17157,0,3,1,1,4
17158,0,2,1,1,3
17159,0,0,1,6,7
17160,1,1,1,10,5
17162,0,3,1,4,7
17163,0,4,1,1,5
17164,0,2,0,3,2
17165,1,5,0,6,3
17166,1,2,1,8,3
17169,1,5,0,6,2
17171,0,2,1,8,8
17172,0,1,0,4,5
17173,1,1,1,6,5
17174,0,5,1,8,6
17175,0,2,1,8,9
17176,1,1,1,8,8
17179,1,0,1,7,7
17180,1,2,1,8,8
17181,1,2,0,5,6
17183,0,2,0,3,9
17186,0,2,0,1,6
17187,0,5,0,0,5
17188,1,2,0,1,4
17189,1,1,1,8,7
17190,0,3,1,6,3
17191,1,4,1,3,8
17193,1,2,1,3,6
17194,1,4,1,10,7
17197,1,3,1,10,7
17198,1,5,1,8,6
17201,1,5,0,8,8
17203,0,5,1,3,2
17204,1,3,0,0,3
17205,1,3,0,9,7
17206,0,3,1,2,5
17211,0,3,1,6,2
17212,1,5,0,3,4
17213,0,5,0,5,3
17214,0,0,1,1,8
17217,0,2,0,6,7
17218,0,1,1,8,6
17219,1,1,0,10,2
17220,0,4,1,3,8
17221,0,0,1,6,3
17222,0,5,1,6,7
17223,0,4,1,1,6
17226,0,4,0,8,6
17227,0,1,1,7,6
17228,0,2,0,2,2
17229,0,4,0,5,8
17230,0,5,0,7,6
17231,1,4,1,8,5
17232,1,4,0,5,5
17233,1,3,1,2,5
17234,1,4,0,6,9
17235,0,0,1,3,8
17236,0,1,0,3,4
17237,1,5,1,5,7
17238,0,3,0,5,3
17239,1,1,1,9,4
17242,0,4,0,5,3
17243,0,3,1,3,4
17244,0,4,1,0,7
17245,1,3,1,3,5
17247,0,4,1,7,3
17248,1,3,0,2,6
17250,0,3,1,4,3
17252,0,1,1,7,5
17253,1,4,0,4,4
17254,0,1,1,2,4
17255,0,1,1,5,2
17256,0,3,1,8,5
17259,0,4,0,1,5
17262,0,3,0,4,4
17263,0,1,0,8,5
17265,0,5,1,5,2
17266,1,2,1,7,4
17267,0,0,0,6,9
17268,1,4,1,3,3
17272,1,0,1,9,6
17274,1,4,0,10,5
17277,1,1,0,5,7
17278,0,2,0,5,5
17279,1,2,1,5,5
17282,0,2,1,2,2
17284,0,5,0,5,9
17286,1,2,1,6,6
17287,0,1,0,2,3
17288,0,0,0,5,6
17289,0,4,0,8,8
17290,1,4,1,9,6
17291,1,2,1,7,8
17293,0,0,0,2,2
17295,0,0,0,2,2
17297,0,3,0,2,3
17298,0,1,0,3,4
17299,1,0,0,8,8
17301,1,4,0,8,6
17302,1,4,1,9,5
17306,0,3,0,8,3
17309,0,4,0,2,6
17311,0,0,1,6,7
17312,0,0,0,7,8
17313,1,4,0,5,5
17314,0,3,0,5,5
17315,1,1,1,3,2
17317,0,3,1,5,5
17320,0,3,0,4,8
17321,1,2,0,9,5
17323,0,3,1,1,4
17324,0,3,0,3,3
17325,1,3,1,6,4
17329,0,5,1,1,3
17330,0,4,1,1,5
17331,0,1,1,2,2
17333,1,0,0,6,4
17334,1,3,1,6,6
17337,0,4,1,8,8
17338,1,3,0,8,8
17339,0,2,1,2,6
17340,0,3,1,8,7
17341,1,1,1,0,7
17344,0,1,0,2,6
17345,0,3,1,3,8
17346,1,0,0,4,7
17347,0,1,1,5,8
17348,0,5,0,5,5
17349,0,3,0,0,3
17350,0,4,1,6,3
17351,0,1,0,2,3
17353,0,3,1,0,8
17354,0,4,1,6,4
17356,0,3,0,3,4
17357,0,5,0,2,4
17358,0,4,1,6,3
17359,0,1,0,8,4
17360,0,4,1,7,5
17361,1,2,0,9,2
17362,1,2,1,5,2
17364,1,1,1,0,8
17365,0,3,1,5,5
17367,1,3,1,5,5
17368,1,2,0,8,4
17370,1,3,1,2,8
17371,1,4,1,6,5
17372,1,4,1,1,2
17373,0,4,1,2,7
17374,0,3,0,4,3
17375,1,3,1,3,6
17376,1,4,0,9,3
17377,0,1,0,4,3
17379,1,4,1,9,8
17381,0,3,0,4,5
17382,1,2,0,1,7
17383,1,3,1,6,7
17384,0,1,1,5,8
17385,1,3,1,2,6
17386,1,5,0,3,3
17387,1,3,1,4,6
17388,1,2,0,8,8
17389,0,3,0,6,5
17391,1,4,1,8,4
17392,0,2,1,3,8
17394,0,3,0,3,2
17396,0,3,1,7,4
17397,1,1,1,10,9
17398,1,2,0,8,5
17400,0,5,0,6,2
17402,0,3,1,7,6
17403,0,3,1,7,2
17405,0,4,1,4,4
17406,0,0,0,0,9
17408,0,3,0,6,6
17409,0,2,0,1,7
17410,0,0,0,3,7
17411,0,3,0,4,3
17412,0,1,0,1,5
17414,0,3,0,6,8
17415,0,5,0,6,7
17416,0,5,1,6,3
17418,0,2,0,8,8
17419,0,2,0,3,5
17420,0,2,0,5,3
17422,0,2,0,6,4
17423,0,4,0,5,8
17425,0,2,1,3,5
17426,0,3,1,3,8
17427,0,3,0,4,7
17428,0,0,1,0,9
17429,0,4,1,4,6
17430,0,4,0,5,9
17431,0,1,0,8,6
17432,0,2,1,6,7
17433,0,4,0,2,3
17434,0,4,0,2,9
17436,0,5,1,8,3
17438,1,1,1,7,4
17440,0,3,1,2,4
17442,0,3,0,3,3
17446,1,1,0,1,8
17447,1,4,0,7,7
17448,1,0,1,7,8
17449,0,1,1,0,7
17450,1,1,1,3,9
17451,0,5,1,6,4
17453,1,2,1,9,4
17454,0,5,1,8,6
17455,1,2,1,7,8
17457,0,1,1,3,3
17458,1,0,1,9,6
17459,0,4,1,2,5
17460,0,4,1,2,2
17461,1,2,1,5,7
17462,1,1,1,6,6
17463,0,3,0,8,3
17464,0,3,1,2,3
17466,0,5,1,8,6
17468,0,4,1,0,8
17469,1,4,1,4,2
17470,1,5,1,2,8
17472,0,3,1,7,3
17475,1,2,0,1,3
17480,0,5,0,6,7
17481,1,2,0,3,9
17483,0,4,0,5,3
17486,1,2,1,5,5
17489,1,2,0,7,4
17490,0,4,0,4,6
17491,0,4,0,4,7
17492,1,2,0,8,4
17495,0,2,1,2,2
17498,1,3,1,4,7
17499,1,2,0,7,8
17500,1,4,0,2,6
17501,0,3,1,3,5
17502,1,3,0,7,6
17503,1,3,1,1,6
17504,1,1,1,4,2
17505,0,2,1,5,8
17506,1,3,1,10,4
17507,0,2,0,5,3
17509,0,0,0,3,4
17510,0,1,0,4,2
17511,0,4,0,6,6
17512,1,2,1,10,9
17513,1,0,0,3,4
17514,1,3,0,10,4
17515,1,0,1,2,6
17516,0,4,0,0,3
17517,1,4,1,3,6
17519,0,4,0,2,5
17520,0,0,1,7,5
17521,0,3,0,1,4
17522,0,3,1,7,9
17523,0,5,0,1,2
17526,0,5,1,6,6
17527,1,0,1,7,5
17528,1,2,1,1,8
17530,1,2,1,3,8
17531,1,3,1,7,6
17534,1,4,1,2,7
17535,1,2,1,2,8
17536,1,0,0,2,5
17537,1,1,1,3,9
17538,0,4,1,1,6
17540,0,1,1,5,4
17542,0,2,1,4,4
17545,0,3,1,1,4
17548,0,2,1,1,3
17549,0,0,1,6,7
17550,1,1,1,10,5
17552,0,3,1,4,7
17553,0,4,1,1,5
17554,0,2,0,3,2
17555,1,5,0,6,3
17556,1,2,1,8,3
17557,1,5,0,6,2
17560,0,2,1,8,8
17561,0,1,0,4,5
17562,1,1,1,6,5
17564,0,5,1,8,6
17566,0,2,1,8,9
17567,1,1,1,8,8
17569,1,0,1,7,7
17571,1,2,1,8,8
17572,1,2,0,5,6
17573,0,2,0,3,9
17574,0,2,0,1,6
17576,0,5,0,0,5
17578,1,2,0,1,4
17579,1,1,1,8,7
17580,0,3,1,6,3
17581,1,4,1,3,8
17582,1,2,1,3,6
17584,1,4,1,10,7
17585,1,3,1,10,7
17588,1,5,1,8,6
17589,1,5,0,8,8
17590,0,5,1,3,2
17591,1,3,0,0,3
17593,1,3,0,9,7
17594,0,3,1,2,5
17595,0,3,1,6,2
17596,1,5,0,3,4
17597,0,5,0,5,3
17600,0,0,1,1,8
17601,0,2,0,6,7
17602,0,1,1,8,6
17603,1,1,0,10,2
17604,0,4,1,3,8
17608,0,0,1,6,3
17609,0,5,1,6,7
17611,0,4,1,1,6
17612,0,4,0,8,6
17613,0,1,1,7,6
17614,0,2,0,2,2
17615,0,4,0,5,8
17616,0,5,0,7,6
17618,1,4,1,8,5
17619,1,4,0,5,5
17620,1,3,1,2,5
17621,1,4,0,6,9
17623,0,0,1,3,8
17624,0,1,0,3,4
17625,1,5,1,5,7
17628,0,3,0,5,3
17629,1,1,1,9,4
17630,0,4,0,5,3
17631,0,3,1,3,4
17633,0,4,1,0,7
17634,1,3,1,3,5
17636,0,4,1,7,3
17637,1,3,0,2,6
17639,0,3,1,4,3
17640,0,1,1,7,5
17642,1,4,0,4,4
17644,0,1,1,2,4
17646,0,1,1,5,2
17647,0,3,1,8,5
17648,0,4,0,1,5
17649,0,3,0,4,4
17650,0,1,0,8,5
17651,0,5,1,5,2
17652,1,2,1,7,4
17653,0,0,0,6,9
17654,1,4,1,3,3
17655,1,0,1,9,6
17656,1,4,0,10,5
17658,1,1,0,5,7
17659,0,2,0,5,5
17660,1,2,1,5,5
17663,0,2,1,2,2
17664,0,5,0,5,9
17666,1,2,1,6,6
17667,0,1,0,2,3
17668,0,0,0,5,6
17669,0,4,0,8,8
17670,1,4,1,9,6
17671,1,2,1,7,8
17672,0,0,0,2,2
17673,0,0,0,2,2
17674,0,3,0,2,3
17675,0,1,0,3,4
17676,1,0,0,8,8
17677,1,4,0,8,6
17678,1,4,1,9,5
17679,0,3,0,8,3
17680,0,4,0,2,6
17682,0,0,1,6,7
17684,0,0,0,7,8
17685,1,4,0,5,5
17686,0,3,0,5,5
17690,1,1,1,3,2
17692,0,3,1,5,5
17693,0,3,0,4,8
17694,1,2,0,9,5
17695,0,3,1,1,4
17696,0,3,0,3,3
17697,1,3,1,6,4
17698,0,5,1,1,3
17700,0,4,1,1,5
17701,0,1,1,2,2
17702,1,0,0,6,4
17703,1,3,1,6,6
17704,0,4,1,8,8
17705,1,3,0,8,8
17706,0,2,1,2,6
17707,0,3,1,8,7
17708,1,1,1,0,7
17709,0,1,0,2,6
17711,0,3,1,3,8
17712,1,0,0,4,7
17714,0,1,1,5,8
17715,0,5,0,5,5
17716,0,3,0,0,3
17718,0,4,1,6,3
17719,0,1,0,2,3
17720,0,3,1,0,8
17722,0,4,1,6,4
17723,0,3,0,3,4
17724,0,5,0,2,4
17725,0,4,1,6,3
17727,0,1,0,8,4
17728,0,4,1,7,5
17730,1,2,0,9,2
17731,1,2,1,5,2
17733,1,1,1,0,8
17734,0,3,1,5,5
17735,1,3,1,5,5
17736,1,2,0,8,4
17737,1,3,1,2,8
17738,1,4,1,6,5
17739,1,4,1,1,2
17742,0,4,1,2,7
17744,0,3,0,4,3
17746,1,3,1,3,6
17747,1,4,0,9,3
17749,0,1,0,4,3
17750,1,4,1,9,8
17754,0,3,0,4,5
17757,1,2,0,1,7
17758,1,3,1,6,7
17759,0,1,1,5,8
17760,1,3,1,2,6
17761,1,5,0,3,3
17763,1,3,1,4,6
17764,1,2,0,8,8
17765,0,3,0,6,5
17767,1,4,1,8,4
17768,0,2,1,3,8
17769,0,3,0,3,2
17770,0,3,1,7,4
17771,1,1,1,10,9
17772,1,2,0,8,5
17774,0,5,0,6,2
17775,0,3,1,7,6
17777,0,3,1,7,2
17779,0,4,1,4,4
17781,0,0,0,0,9
17783,0,3,0,6,6
17785,1,2,1,7,8
17786,0,1,1,3,3
17787,1,0,1,9,6
17788,0,4,1,2,5
17789,0,4,1,2,2
17790,1,2,1,5,7
17791,1,1,1,6,6
17793,0,3,0,8,3
17795,0,3,1,2,3
17796,0,5,1,8,6
17797,0,4,1,0,8
17799,1,4,1,4,2
17800,1,5,1,2,8
17802,0,3,1,7,3
17805,1,2,0,1,3
17806,0,5,0,6,7
17809,1,2,0,3,9
17811,0,4,0,5,3
17812,1,2,1,5,5
17813,1,2,0,7,4
17816,0,4,0,4,6
17817,0,4,0,4,7
17819,1,2,0,8,4
17820,0,2,1,2,2
17824,1,3,1,4,7
17827,1,2,0,7,8
17830,1,4,0,2,6
17831,0,3,1,3,5
17832,1,3,0,7,6
17835,1,3,1,1,6
17836,1,1,1,4,2
17837,0,2,1,5,8
17838,1,3,1,10,4
17839,0,2,0,5,3
17841,0,0,0,3,4
17843,0,1,0,4,2
17846,0,4,0,6,6
17848,1,2,1,10,9
17849,1,0,0,3,4
17850,1,3,0,10,4
17852,1,0,1,2,6
17854,0,4,0,0,3
17856,1,4,1,3,6
17857,0,4,0,2,5
17858,0,0,1,7,5
17859,0,3,0,1,4
17861,0,3,1,7,9
17862,0,5,0,1,2
17863,0,5,1,6,6
17864,1,0,1,7,5
17865,1,2,1,1,8
17866,1,2,1,3,8
17867,1,3,1,7,6
17869,1,4,1,2,7
17870,1,2,1,2,8
17871,1,0,0,2,5
17873,1,1,1,3,9
17874,0,4,1,1,6
17877,0,1,1,5,4
17878,0,2,1,4,4
17879,0,3,1,1,4
17881,0,2,1,1,3
17883,0,0,1,6,7
17884,1,1,1,10,5
17885,0,3,1,4,7
17886,0,4,1,1,5
17887,0,2,0,3,2
17888,1,5,0,6,3
17889,1,2,1,8,3
17890,1,5,0,6,2
17891,0,2,1,8,8
17892,0,1,0,4,5
17893,1,1,1,6,5
17894,0,5,1,8,6
17895,0,2,1,8,9
17896,1,1,1,8,8
17897,1,0,1,7,7
17898,1,2,1,8,8
17899,1,2,0,5,6
17900,0,2,0,3,9
17901,0,2,0,1,6
17904,0,5,0,0,5
17905,1,2,0,1,4
17906,1,1,1,8,7
17911,0,3,1,6,3
17912,1,4,1,3,8
17913,1,2,1,3,6
17914,1,4,1,10,7
17917,1,3,1,10,7
17919,1,5,1,8,6
17920,1,5,0,8,8
17921,0,5,1,3,2
17923,1,3,0,0,3
17924,1,3,0,9,7
17926,0,3,1,2,5
17928,0,3,1,6,2
17929,1,5,0,3,4
17930,0,5,0,5,3
17931,0,0,1,1,8
17932,0,2,0,6,7
17934,0,1,1,8,6
17935,1,1,0,10,2
17936,0,4,1,3,8
17937,0,0,1,6,3
17939,0,5,1,6,7
17940,0,4,1,1,6
17941,0,4,0,8,6
17942,0,1,1,7,6
17946,0,2,0,2,2
17947,0,4,0,5,8
17948,0,5,0,7,6
17949,1,4,1,8,5
17950,1,4,0,5,5
17951,1,3,1,2,5
17954,1,4,0,6,9
17955,0,0,1,3,8
17956,0,1,0,3,4
17957,1,5,1,5,7
17958,0,3,0,5,3
17960,1,1,1,9,4
17961,0,4,0,5,3
17962,0,3,1,3,4
17964,0,4,1,0,7
17965,1,3,1,3,5
17966,0,4,1,7,3
17969,1,3,0,2,6
17970,0,3,1,4,3
17972,0,1,1,7,5
17973,1,4,0,4,4
17974,0,1,1,2,4
17975,0,1,1,5,2
17977,0,3,1,8,5
17979,0,4,0,1,5
17980,0,3,0,4,4
17984,0,1,0,8,5
17985,0,5,1,5,2
17986,1,2,1,7,4
17987,0,0,0,6,9
17988,1,4,1,3,3
17990,1,0,1,9,6
17991,1,4,0,10,5
17994,1,1,0,5,7
17995,0,2,0,5,5
17997,1,2,1,5,5
17999,0,2,1,2,2
18001,0,5,0,5,9
18005,1,2,1,6,6
18006,0,1,0,2,3
18008,0,0,0,5,6
18009,0,4,0,8,8
18010,1,4,1,9,6
18013,1,2,1,7,8
18014,0,0,0,2,2
18015,0,0,0,2,2
18016,0,3,0,2,3
18017,0,1,0,3,4
18018,1,0,0,8,8
18019,1,4,0,8,6
18022,1,4,1,9,5
18024,0,3,0,8,3
18027,0,4,0,2,6
18030,0,0,1,6,7
18032,0,0,0,7,8
18033,1,4,0,5,5
18034,0,3,0,5,5
18035,1,1,1,3,2
18036,0,3,1,5,5
18037,0,3,0,4,8
18040,1,2,0,9,5
18041,0,3,1,1,4
18042,0,3,0,3,3
18043,1,3,1,6,4
18044,0,5,1,1,3
18045,0,4,1,1,5
18048,0,1,1,2,2
18053,1,0,0,6,4
18055,1,3,1,6,6
18056,0,4,1,8,8
18058,1,3,0,8,8
18059,0,2,1,2,6
18061,0,3,1,8,7
18062,1,1,1,0,7
18064,0,1,0,2,6
18065,0,3,1,3,8
18066,1,0,0,4,7
18067,0,1,1,5,8
18068,0,5,0,5,5
18069,0,3,0,0,3
18071,0,4,1,6,3
18072,0,1,0,2,3
18073,0,3,1,0,8
18075,0,4,1,6,4
18077,0,3,0,3,4
18078,0,5,0,2,4
18079,0,4,1,6,3
18080,0,1,0,8,4
18081,0,4,1,7,5
18082,1,2,0,9,2
18084,1,2,1,5,2
18085,1,1,1,0,8
18086,0,3,1,5,5
18087,1,3,1,5,5
18088,1,2,0,8,4
18092,1,3,1,2,8
18093,1,4,1,6,5
18094,1,4,1,1,2
18095,0,4,1,2,7
18096,0,3,0,4,3
18097,1,3,1,3,6
18099,1,4,0,9,3
18101,0,1,0,4,3
18102,1,4,1,9,8
18104,0,3,0,4,5
18105,1,2,0,1,7
18106,1,3,1,6,7
18108,0,1,1,5,8
18109,1,3,1,2,6
18110,1,5,0,3,3
18112,1,3,1,4,6
18114,1,2,0,8,8
18116,0,3,0,6,5
18117,1,4,1,8,4
18118,0,2,1,3,8
18120,0,3,0,3,2
18121,0,3,1,7,4
18122,1,1,1,10,9
18123,1,2,0,8,5
18125,0,5,0,6,2
18126,0,3,1,7,6
18127,0,3,1,7,2
18129,0,4,1,4,4
18130,0,0,0,0,9
18133,0,3,0,6,6
18135,0,2,0,1,7
18136,0,0,0,3,7
18138,0,3,0,4,3
18139,0,1,0,1,5
18142,0,3,0,6,8
18143,0,5,0,6,7
18144,0,5,1,6,3
18145,0,2,0,8,8
18146,0,2,0,3,5
18147,0,2,0,5,3
18149,0,2,0,6,4
18150,0,4,0,5,8
18151,0,2,1,3,5
18154,0,3,1,3,8
18155,0,3,0,4,7
18156,0,0,1,0,9
18158,0,4,1,4,6
18159,0,4,0,5,9
18160,0,1,0,8,6
18161,0,2,1,6,7
18164,0,4,0,2,3
18165,0,4,0,2,9
18167,0,5,1,8,3
18168,1,1,1,7,4
18169,0,3,1,2,4
18170,0,3,0,3,3
18171,1,1,0,1,8
18172,1,4,0,7,7
18173,1,0,1,7,8
18174,0,1,1,0,7
18177,1,1,1,3,9
18178,0,5,1,6,4
18179,1,2,1,9,4
18180,0,5,1,8,6
18181,1,0,1,9,6
18183,0,5,0,8,6
18184,1,2,1,9,7
18185,1,3,1,4,9
18188,0,3,0,5,2
18189,0,3,1,8,8
18190,1,3,1,7,5
18191,1,0,1,6,8
18192,0,3,1,5,3
18193,1,3,1,1,5
18194,1,0,1,2,2
18196,0,0,1,7,4
18198,0,3,1,7,7
18200,1,4,0,10,7
18202,0,1,1,0,9
18203,0,1,1,8,3
18204,1,0,1,9,6
18205,1,2,1,0,4
18209,0,2,1,7,7
18210,1,3,0,9,4
18211,0,4,0,5,3
18212,0,2,1,2,3
18213,0,1,1,6,5
18215,0,3,1,5,3
18216,0,3,0,0,8
18217,1,5,1,6,8
18218,1,1,1,6,9
18219,1,1,1,10,8
18220,1,0,1,4,7
18221,0,2,1,3,5
18222,1,4,1,10,9
18223,0,3,0,2,5
18224,1,4,1,1,6
18225,1,4,0,3,3
18226,1,3,0,8,3
18227,1,3,1,2,5
18228,1,4,1,8,4
18229,1,4,1,8,5
18230,0,3,0,3,3
18231,0,1,0,5,2
18232,0,5,1,5,4
18233,0,0,0,8,7
18235,1,4,0,3,2
18236,0,4,0,8,3
18237,0,0,1,0,3
18239,1,4,0,5,2
18240,1,1,1,2,5
18241,1,0,1,6,5
18242,1,1,1,6,2
18245,1,1,1,4,8
18246,1,2,1,6,6
18248,0,4,1,6,2
18249,0,3,1,0,3
18250,0,5,0,5,8
18251,1,2,0,5,4
18252,0,3,0,2,4
18255,0,3,0,1,5
18257,0,4,0,7,8
18259,0,2,1,6,6
18260,1,4,1,0,3
18261,1,5,1,2,2
18262,1,2,0,0,8
18263,1,0,1,7,6
18265,0,2,0,5,9
18268,0,4,1,1,8
18270,0,2,0,7,2
18272,1,2,0,3,3
18273,0,1,0,2,4
18274,0,5,1,2,9
18276,0,3,1,2,5
18277,1,2,1,3,4
18278,0,1,1,8,9
18280,1,3,0,7,7
18281,0,4,0,0,9
18282,0,4,1,3,3
18283,0,5,1,6,3
18287,0,3,0,6,6
